longitude,latitude,landcover_class,landcover_name,HFI,D,P_lowHFI,P_q95,I_DxHFI_over_P_lowHFI,I_DxHFInorm_over_P_lowHFI,I_D_over_P_lowHFI,I_Dx1minusHFInorm_over_P_lowHFI,I_DxHFI_over_P_q95,I_DxHFInorm_over_P_q95,I_D_over_P_q95,I_Dx1minusHFInorm_over_P_q95
37.03794,0.12265,20,Shrubland,1503.25,0.7580000162124634,0.7828648663251787,0.953600001335144,1455.5047408374646,0.5012033047987938,0.9682386434973986,0.46703533869860486,1194.9072176761874,0.41146650342248164,0.794882566223973,0.38341606280149143
37.100402,0.22812,30,Grassland,807.299987792969,0.9079999923706055,0.8133714243769645,0.9639999866485596,901.2221978640314,0.30520286160156485,1.116341151357912,0.8111382897563473,760.4028972087964,0.2575137859989319,0.9419087188241116,0.6843949328251798
36.85714312,-1.178378685,10,Tree Cover,2663.60009765625,0.8479999899864197,0.9747142898184913,1.0,2317.328143984574,0.8046422041814939,0.8699985204324151,0.0653563162509212,2258.7328561403265,0.7842962546067503,0.8479999899864197,0.06370373537966938
34.964947,-1.391947,30,Grassland,1665.15002441406,0.9279999732971191,0.8133714243769645,0.9639999866485596,1899.8198509071058,0.655423725521403,1.140930140259057,0.48550641473765405,1602.9659746824168,0.5530113450013467,0.9626555872924875,0.4096442422911407
34.997647,-1.258503,30,Grassland,2026.44995117188,0.8339999914169312,0.8133714243769645,0.9639999866485596,2077.8443786352086,0.7190505589070203,1.0253618044865147,0.3063112455794944,1753.1735117132573,0.6066962504123697,0.865145231294467,0.2584489808820972
37.036103,-0.103342,20,Shrubland,1947.5,0.9200000166893005,0.7828648663251787,0.953600001335144,2288.6453455406363,0.7915447685977819,1.175170909135115,0.38362614053733307,1878.880065010316,0.6498244427339428,0.9647651168217284,0.31494067408778553
39.387778,-4.257222,10,Tree Cover,385.299987792969,0.972000002861023,0.9747142898184913,1.0,384.2270428874686,0.12494283354680001,0.9972152999234537,0.8722724663766537,374.51158923711796,0.12178356526847914,0.972000002861023,0.8502164375925438
39.54792023,-4.338908672,10,Tree Cover,2094.64990234375,0.8960000276565552,0.9747142898184913,1.0,1925.4938498750178,0.6666360105958083,0.9192437589310463,0.25260774833523797,1876.8063704308006,0.6497796456353255,0.8960000276565552,0.24622038202122967
39.297624,-3.459343,20,Shrubland,873.150024414062,0.9179999828338623,0.7828648663251787,0.953600001335144,1023.8698170043497,0.34768800415524465,1.1726161465682028,0.8249281424129583,840.5533832856917,0.28543699928142224,0.9626677658856567,0.6772307666042344
34.862366,0.286879,10,Tree Cover,215.899993896484,0.9959999918937683,0.9747142898184913,1.0,220.6147939113586,0.06727737517763081,1.0218378885973252,0.9545605134196943,215.0363921707627,0.06557621896711661,0.9959999918937683,0.9304237729266517
37.231491,-2.649862,30,Grassland,503.450012207031,0.7979999780654907,0.8133714243769645,0.9639999866485596,493.93559529832413,0.16360588821517133,0.98110156583968,0.8174956776245085,416.75633222259245,0.13804186325424278,0.8278008185869544,0.6897589553327115
35.647819,2.383763,30,Grassland,2322.0,0.35199999809265137,0.8133714243769645,0.9639999866485596,1004.8840801079468,0.34837307420558794,0.43276661503356884,0.08439354082798088,847.8672270657523,0.29393849326315696,0.36514523129446697,0.07120673803131
35.63552856,-0.312124626,40,Cropland,1804.05004882812,0.8100000023841858,0.9077499955892563,0.949999988079071,1609.7830360256767,0.5561024594677606,0.8923161733075888,0.33621371383982823,1538.1900654617075,0.5313705383825944,0.8526315921561541,0.32126105377355973
39.8784831,-3.3300563,10,Tree Cover,169.0,0.6679999828338623,0.9747142898184913,1.0,115.82060330719598,0.03384133083780729,0.6853290136520472,0.6514876828142399,112.89199709892273,0.03298562875408594,0.6679999828338623,0.6350143540797764
38.29315833,-3.414661111,10,Tree Cover,1339.09997558594,0.9459999799728394,0.9747142898184913,1.0,1299.6511524642024,0.4464824932067285,0.9705407931887414,0.5240582999820129,1266.7885500859288,0.43519286628238574,0.9459999799728394,0.5108071136904536
36.694624,-0.969423,10,Tree Cover,1065.5,0.9900000095367432,0.9747142898184913,1.0,1082.2094445315154,0.3697214007632865,1.0156822567165793,0.6459608559532928,1054.8450101613998,0.36037273257568464,0.9900000095367432,0.6296272769610585
38.215942,-3.015984,20,Shrubland,459.5,0.9419999718666077,0.7828648663251787,0.953600001335144,552.903835248769,0.18209459511032072,1.2032727644151666,1.0211781693048458,453.910430439042,0.14949188408136072,0.9878355395844222,0.8383436555030614
37.73597717,0.152435123,40,Cropland,2180.30004882812,0.8820000290870667,0.9077499955892563,0.949999988079071,2118.4519039701277,0.7338357016083081,0.9716331956735793,0.23779749406527115,2024.236558542858,0.7011993297443452,0.9284210948996933,0.227221765155348
38.05001022,0.191316212,10,Tree Cover,1684.59997558594,0.7599999904632568,0.9747142898184913,1.0,1313.508972581217,0.4532412880372751,0.7797156545276278,0.3264743664903527,1280.295965379717,0.44178076018567086,0.7599999904632568,0.318219230277586
38.81878344,-3.35269695,10,Tree Cover,1174.44995117188,0.8939999938011169,0.9747142898184913,1.0,1077.1959127252596,0.3689400810978716,0.9171918408702054,0.5482517597723339,1049.958249067383,0.3596111691328885,0.8939999938011169,0.5343888246682285
37.91300458,-2.927294304,10,Tree Cover,262.700012207031,0.8619999885559082,0.9747142898184913,1.0,232.32182997775288,0.07275147016961371,0.8843617022547474,0.8116102320851338,226.44740751609768,0.07091189757962618,0.8619999885559082,0.7910880909762821
36.04660416,-1.902546883,20,Shrubland,654.450012207031,0.8640000224113464,0.7828648663251787,0.953600001335144,722.2764100632303,0.24252670154923542,1.1036387754466765,0.8611120738974413,592.9580793019047,0.19910406199957645,0.9060402906896521,0.7069362286900757
38.77621333,-3.705738333,20,Shrubland,1586.5,0.9039999842643738,0.7828648663251787,0.953600001335144,1831.984084006277,0.6314791791009676,1.1547331131460932,0.5232539340451257,1503.9806764129596,0.5184174312519407,0.9479865593526376,0.42956912810069686
36.93285942,0.046219821,30,Grassland,985.700012207031,0.9419999718666077,0.8133714243769645,0.9639999866485596,1141.5810242893442,0.3891433595816912,1.158142447146052,0.7689990875643608,963.2047682864203,0.32833827080247546,0.9771784075864595,0.6488401367839841
37.24216667,-0.9705,20,Shrubland,1748.69995117188,0.9520000219345093,0.7828648663251787,0.953600001335144,2126.5003239793014,0.7342328187911217,1.2160464249765897,0.481813606185468,1745.7659286300925,0.6027737801276015,0.9983221692550392,0.3955483891274377
34.48645861,0.079888056,10,Tree Cover,2396.94995117188,0.8999999761581421,0.9747142898184913,1.0,2213.2176797250713,0.7675740155907365,0.9233474727509512,0.1557734571602147,2157.254898906952,0.7481653614896523,0.8999999761581421,0.15183461466848985
39.62808667,-4.17288,10,Tree Cover,2318.64990234375,0.9279999732971191,0.9747142898184913,1.0,2207.525907782734,0.7652911341501409,0.9520738363956158,0.18678270224547483,2151.707047460368,0.7459402043275424,0.9279999732971191,0.1820597689695767
39.50276358,-4.166375473,30,Grassland,1724.05004882812,0.9639999866485596,0.8133714243769645,0.9639999866485596,2043.327530623321,0.705349189165294,1.185190378905892,0.47984118974059786,1724.05004882812,0.5951357703531452,1.0,0.40486422964685476
39.48830492,-4.466650487,10,Tree Cover,2346.85009765625,0.878000020980835,0.9747142898184913,1.0,2113.9881260638635,0.7329728584662345,0.9007768021379207,0.16780394367168608,2060.534434981062,0.7144391191961453,0.878000020980835,0.1635609017846896
37.176783,1.2571383,10,Tree Cover,637.549987792969,0.8960000276565552,0.9747142898184913,1.0,586.0638472852515,0.19655334327251278,0.9192437589310463,0.7226904156585334,571.2448066949366,0.19158335239931742,0.8960000276565552,0.7044166752572377
39.38049389,-3.823148555,30,Grassland,1522.90002441406,0.8299999833106995,0.8133714243769645,0.9639999866485596,1554.0341804062664,0.5352644175244625,1.0204439920500923,0.4851795745256298,1311.2105937283027,0.45162737316395674,0.8609958452346828,0.409368472070726
37.30645325,-0.354926162,10,Tree Cover,114.050003051758,0.9860000014305115,0.9747142898184913,1.0,115.37052893019963,0.03044303494421306,1.011578481745786,0.9811354468015729,112.45330317218323,0.029673261185568147,0.9860000014305115,0.9563267402449434
36.59846306,-0.943295659,10,Tree Cover,2839.5,0.6200000047683716,0.9747142898184913,1.0,1806.1600531860724,0.6275673195328862,0.6360838363043044,0.008516516771418224,1760.490013539791,0.6116988341717914,0.6200000047683716,0.008301170596580185
36.86433267,-0.386215057,20,Shrubland,400.299987792969,0.8700000047683716,0.7828648663251787,0.953600001335144,444.85454165726327,0.1450873652536099,1.1113029108742754,0.9662155456206655,365.206575923929,0.1191105292006187,0.9123322184881257,0.793221689287507
36.71885267,-0.477356604,20,Shrubland,800.0,0.9480000138282776,0.7828648663251787,0.953600001335144,968.7495807834673,0.3279625518326991,1.2109369759793343,0.8829744241466352,795.3020239102133,0.26924324553344375,0.9941275298877665,0.7248842843543228
39.92431671,-3.207704169,10,Tree Cover,857.650024414062,0.828000009059906,0.9747142898184913,1.0,728.5562912156662,0.24725500206035878,0.849479706729337,0.6022247046689784,710.134227985072,0.2410029837373322,0.828000009059906,0.5869970253225739
35.092353,-1.572378,30,Grassland,1652.30004882812,0.9679999947547913,0.8133714243769645,0.9639999866485596,1966.4158226656516,0.6783076236622794,1.1901081913423144,0.511800567680035,1659.1560796173083,0.572319549445262,1.004149386059784,0.43182983661452223
35.3132473,0.569083269,30,Grassland,2772.94995117188,0.8579999804496765,0.8133714243769645,0.9639999866485596,2925.0978490126377,1.0161072408537426,1.0548686058240822,0.03876136497033955,2468.0404946528006,0.8573367274477555,0.890041485822627,0.03270475837487147
36.27515602,-0.463914094,20,Shrubland,2021.0,0.9620000123977661,0.7828648663251787,0.953600001335144,2483.445239000318,0.8593783553932602,1.2288200094014439,0.3694416540081834,2038.8024563064077,0.705512919857105,1.0088087364207856,0.3032958165636806
35.36259079,-1.491084933,10,Tree Cover,2156.94995117188,0.8880000114440918,0.9747142898184913,1.0,1965.0595064956299,0.6806033826740163,0.9110362089894597,0.2304328263154434,1915.3715813249628,0.6633938427911666,0.8880000114440918,0.22460616865292515
37.46589725,0.218575141,20,Shrubland,1127.44995117188,0.8820000290870667,0.7828648663251787,0.953600001335144,1270.2203566697824,0.4346032375951958,1.1266312578660416,0.6920280202708459,1042.796653036416,0.3567906931922042,0.9249161365899438,0.5681254433977396
37.29219,1.33944,20,Shrubland,571.150024414062,0.9559999704360962,0.7828648663251787,0.953600001335144,697.4631637481336,0.23265112328894105,1.2211557978372762,0.9885046745483351,572.5874640204826,0.19099663410129142,1.0025167461174413,0.8115201120161498
37.2288157,-0.8869319,20,Shrubland,2389.80004882812,0.9079999923706055,0.7828648663251787,0.953600001335144,2771.7918116431065,0.9612607651426035,1.1598425621433488,0.19858179700074519,2275.5226751940595,0.789154026167543,0.9521811987199102,0.16302717255236723
36.45938826,-0.110262428,40,Cropland,2301.35009765625,0.8040000200271606,0.9077499955892563,0.949999988079071,2038.320609854743,0.7065664753876423,0.8857064433310766,0.1791399679434343,1947.6689977085862,0.6751428662789251,0.8463158211747699,0.17117295489584486
35.52573395,0.604562984,20,Shrubland,2182.85009765625,0.8880000114440918,0.7828648663251787,0.953600001335144,2475.9968100220576,0.8577031022383839,1.1342953932936404,0.2765922910552565,2032.6876142885446,0.7041376085784589,0.9312080643884175,0.22707045580995863
37.9572584,-3.3951791,30,Grassland,263.350006103516,0.9559999704360962,0.8133714243769645,0.9639999866485596,309.5296816483995,0.09695795616563994,1.175354754033047,1.0783967978674072,261.164524415176,0.08180791701595372,0.9917012278804316,0.909893310864478
35.12706826,-1.301992519,30,Grassland,1255.84997558594,0.9639999866485596,0.8133714243769645,0.9639999866485596,1488.4213084136554,0.5106008286341277,1.185190378905892,0.6745895502717643,1255.84997558594,0.430817561230533,1.0,0.5691824387694671
35.01953888,0.072350959,10,Tree Cover,1397.44995117188,0.9940000176429749,0.9747142898184913,1.0,1425.0999401872841,0.4900205463520731,1.0197860316873726,0.5297654853352994,1389.065276120023,0.47763002883403,0.9940000176429749,0.5163699888089448
34.19436271,-0.474831483,30,Grassland,1387.30004882812,0.8679999709129333,0.8133714243769645,0.9639999866485596,1480.4754211185964,0.5089844194332708,1.0671631002746547,0.5581786808413839,1249.145662560387,0.429453721943929,0.9004149200568149,0.4709611981128858
35.1597519,1.270516215,10,Tree Cover,1520.59997558594,0.9480000138282776,0.9747142898184913,1.0,1478.9244529811779,0.5093793775248034,0.9725927112495824,0.4632133337247789,1441.5287978827496,0.4964993582122739,0.9480000138282776,0.45150065561600367
35.42217922,1.528269119,20,Shrubland,1847.80004882812,0.9300000071525574,0.7828648663251787,0.953600001335144,2195.0838932052075,0.7585818303982644,1.1879444935599692,0.42936266316170474,1802.0701092917623,0.6227632785444296,0.9752516839874747,0.3524884054430452
35.05721238,1.334758288,30,Grassland,1810.5,0.7680000066757202,0.8133714243769645,0.9639999866485596,1709.5068383444561,0.5905857562441388,0.9442180824879625,0.3536323262438237,1442.3900740086895,0.4983045481598812,0.7966805158843907,0.2983759677245096
40.01776886,-3.307411895,10,Tree Cover,2548.10009765625,0.9399999976158142,0.9747142898184913,1.0,2457.3499237071424,0.8528464060269905,0.9643851613079957,0.11153875528100529,2395.214085721731,0.8312815789748507,0.9399999976158142,0.10871841864096357
36.6241536,-1.208820218,20,Shrubland,2368.80004882812,0.9240000247955322,0.7828648663251787,0.953600001335144,2795.84816997483,0.9695005284286881,1.1802803581323704,0.21077982970368242,2295.271917772989,0.7959185198488351,0.9689597561890011,0.173041236340166
36.85964584,0.382390051,30,Grassland,972.549987792969,0.9259999990463257,0.8133714243769645,0.9639999866485596,1107.2202204037728,0.37727956230998005,1.1384712706813294,0.7611917083713494,934.2129670558943,0.31832823572046337,0.960580925177868,0.6422526894574045
36.32005,-0.6682,30,Grassland,2215.60009765625,0.8199999928474426,0.8133714243769645,0.9639999866485596,2233.6561253335954,0.7739047748808964,1.0081494975995198,0.2342447227186235,1884.6390968812914,0.6529792923186959,0.8506224110004948,0.19764311868179898
37.25085831,-1.101008296,10,Tree Cover,2077.60009765625,0.9459999799728394,0.9747142898184913,1.0,2016.3956467083035,0.6980291682790402,0.9705407931887414,0.27251162490970127,1965.4096507743816,0.6803790050316968,0.9459999799728394,0.26562097494114256
35.98671333,0.565725,30,Grassland,1536.84997558594,0.8560000061988831,0.8133714243769645,0.9639999866485596,1617.3958774566156,0.5571841776935751,1.0524097362463547,0.4952255585527796,1364.6717913367759,0.4701220897590643,0.8879668237080075,0.4178447339489432
35.89325833,0.503171667,20,Shrubland,1159.44995117188,0.8679999709129333,0.7828648663251787,0.953600001335144,1285.5379864168847,0.44015668742482766,1.1087481483073633,0.6685914608825356,1055.3717727381718,0.361349838276549,0.9102348675520541,0.5488850292755051
35.82671167,0.74482,20,Shrubland,1539.90002441406,0.8999999761581421,0.7828648663251787,0.953600001335144,1770.3055084897765,0.6098833834962633,1.1496236641488378,0.5397402806525746,1453.345200627256,0.5006882055644495,0.9437919199853649,0.44310371442091545
35.42237806,0.448936389,10,Tree Cover,2289.94995117188,0.9700000286102295,0.9747142898184913,1.0,2278.8744777368074,0.7899034620510419,0.9951634430135012,0.20525998096245937,2221.2515181527174,0.7699301920382489,0.9700000286102295,0.20006983657198063
36.90053833,-1.412436667,30,Grassland,2006.30004882812,0.8220000267028809,0.8133714243769645,0.9639999866485596,2027.5837634374263,0.701557763461753,1.0106084404582147,0.3090506769964616,1710.7663034770749,0.5919367689344525,0.8526971349456596,0.2607603660112071
34.91680509,0.217255521,10,Tree Cover,884.650024414062,0.8640000224113464,0.9747142898184913,1.0,784.1658308531423,0.26640474209462806,0.8864136203155883,0.6200088782209602,764.3376409199478,0.25966850899504373,0.8640000224113464,0.6043315134163026
35.39009567,-1.611644805,30,Grassland,2177.25,0.8579999804496765,0.8133714243769645,0.9639999866485596,2296.712672030483,0.7955709085847514,1.0548686058240822,0.2592976972393308,1937.8428250073146,0.6712600125215178,0.890041485822627,0.21878147330110914
35.60736465,-1.425438881,20,Shrubland,1291.40002441406,0.8220000267028809,0.7828648663251787,0.953600001335144,1355.9566921624123,0.4654542370208254,1.049989675180348,0.5845354381595225,1113.1825220912326,0.3821180458636891,0.8619966710905947,0.47987862522690566
36.75967902,2.303388067,30,Grassland,721.950012207031,0.8759999871253967,0.8133714243769645,0.9639999866485596,777.5392427671942,0.26218618459343085,1.0769987251474997,0.8148125405540688,656.0458611594361,0.22121862382604554,0.9087136921763832,0.6874950683503377
37.083294,-0.575127,10,Tree Cover,1904.55004882812,0.9800000190734863,0.9747142898184913,1.0,1914.87813780337,0.6620544110298523,1.0054228498650404,0.343368438835188,1866.4590841779668,0.6453138950681621,0.9800000190734863,0.3346861240053243
35.59769386,0.716381794,10,Tree Cover,967.150024414062,0.8899999856948853,0.9747142898184913,1.0,883.0931452268051,0.3008590670888847,0.9130880658994122,0.6122289988105273,860.7635078933231,0.2932516319129961,0.8899999856948853,0.5967483537818891
34.11510434,-0.638006562,10,Tree Cover,1546.90002441406,0.8640000224113464,0.9747142898184913,1.0,1371.1932509071387,0.4724262698171278,0.8864136203155883,0.4139873504984605,1336.52165576186,0.46048063607640066,0.8640000224113464,0.4035193863349458
39.34636873,-4.58009211,10,Tree Cover,1141.44995117188,0.9559999704360962,0.9747142898184913,1.0,1119.5343404453483,0.3831672952283318,0.9808002000402805,0.5976329048119488,1091.2261195746007,0.37347863805015563,0.9559999704360962,0.5825213323859406
39.24389442,-3.575012123,20,Shrubland,1316.65002441406,0.8820000290870667,0.7828648663251787,0.953600001335144,1483.3790731749668,0.5094128340834244,1.1266312578660416,0.6172184237826174,1217.7908538221075,0.4182061762800808,0.9249161365899438,0.5067099603098631
38.18402968,0.137642802,30,Grassland,1128.44995117188,0.6480000019073486,0.8133714243769645,0.9639999866485596,899.0180237421617,0.30760415423990595,0.7966840025191578,0.489079848279252,758.5431334433291,0.25953986778383287,0.6721991814130456,0.4126593136292128
35.15818333,-1.164075,30,Grassland,1485.30004882812,0.8700000047683716,0.8133714243769645,0.9639999866485596,1588.7096728935978,0.546945592112008,1.0696220431333496,0.5226764510213416,1340.467912303013,0.4614833210314453,0.9024896440019796,0.44100632297053427
35.77612224,0.476667521,10,Tree Cover,1690.75,0.9919999837875366,0.9747142898184913,1.0,1720.7339526140586,0.5937958255425766,1.0177341136265317,0.4239382880839552,1677.2239725887775,0.5787812763909173,0.9919999837875366,0.4132187073966193
39.4424181,-1.5867894,30,Grassland,1045.5,0.3140000104904175,0.8133714243769645,0.9639999866485596,403.61266836881623,0.13781653274401262,0.38604750680900646,0.24823097406499386,340.54669659182616,0.11628218993073325,0.32572615647233494,0.2094439665416017
36.66480833,-1.487463333,30,Grassland,2018.5,0.9459999799728394,0.8133714243769645,0.9639999866485596,2347.6371339672246,0.8123686483659336,1.1630602595824744,0.35069161121654086,1980.8101514749428,0.6854330433528084,0.9813277936462437,0.2958947502934353
34.83671833,0.162953333,10,Tree Cover,2550.64990234375,0.8560000061988831,0.9747142898184913,1.0,2239.9962276371357,0.7774204895300383,0.8782060703740017,0.10078558084396341,2183.3563322174305,0.7577628603426151,0.8560000061988831,0.09823714585626794
37.41912691,0.763749032,20,Shrubland,768.299987792969,0.9279999732971191,0.7828648663251787,0.953600001335144,910.7349158518765,0.30785562222903606,1.185389730993057,0.8775341087640209,747.6744622040678,0.2527363152331687,0.9731543330514031,0.7204180178182344
37.0880842,-0.3517749,10,Tree Cover,2419.55004882812,0.9480000138282776,0.9747142898184913,1.0,2353.236741993801,0.8162256121902428,0.9725927112495824,0.1563670990593395,2293.7334797472677,0.7955867679176758,0.9480000138282776,0.15241324591060176
36.44831164,-0.685446147,30,Grassland,2136.14990234375,0.878000020980835,0.8133714243769645,0.9639999866485596,2305.8833920956445,0.798545218484328,1.0794576680061945,0.2809124495218666,1945.5805861538634,0.673769575501874,0.9107884161215479,0.237018840619674
35.83027833,-0.500048333,10,Tree Cover,740.849975585938,0.6959999799728394,0.9747142898184913,1.0,529.0079088372768,0.17856709758594697,0.7140553772967119,0.5354882797107648,515.6315681706914,0.1740519017084355,0.6959999799728394,0.5219480782644038
40.2,-2.633333,90,Herbaceous Wetland,737.700012207031,0.7440000176429749,0.8902518535929698,1.0,616.5096089181433,0.20806808353337305,0.8357185830506988,0.6276504995173258,548.8488220972539,0.18523299703912224,0.7440000176429749,0.5587670206038526
34.44174,0.595778333,10,Tree Cover,2528.0,0.9279999732971191,0.9747142898184913,1.0,2406.8426584081167,0.8352427923891185,0.9520738363956158,0.11683104400649733,2345.983932495117,0.8141230852095732,0.9279999732971191,0.11387688808754594
34.59668333,0.5334,10,Tree Cover,2505.75,0.7739999890327454,0.9747142898184913,1.0,1989.7630441839126,0.6904348994049752,0.7940788363499601,0.10364393694498499,1939.4504725188017,0.6729767626394219,0.7739999890327454,0.10102322639332353
35.58921433,0.352196664,10,Tree Cover,2412.69995117188,0.9660000205039978,0.9747142898184913,1.0,2391.129612695061,0.8293409743285884,0.991059668042708,0.1617186937141195,2330.6682023020307,0.8083704988100657,0.9660000205039978,0.1576295216939321
34.4295845,0.401233345,10,Tree Cover,2004.69995117188,0.8320000171661377,0.9747142898184913,1.0,1711.1787640853745,0.5920727216987662,0.8535834817001303,0.26151076000136414,1667.9103937879595,0.5771017424515141,0.8320000171661377,0.25489827471462356
36.080805,-0.49208,10,Tree Cover,1350.09997558594,0.9259999990463257,0.9747142898184913,1.0,1282.6246513097005,0.44071071392317035,0.9500219794856634,0.5093112655624931,1250.1925761050247,0.4295670305370233,0.9259999990463257,0.4964329685093024
37.24698633,-1.864824168,10,Tree Cover,1715.44995117188,0.8119999766349792,0.9747142898184913,1.0,1429.0806391372732,0.4932721354673434,0.8330646068461639,0.33979247137882046,1392.9453202700429,0.48079939920930226,0.8119999766349792,0.331200577425677
36.50409667,-0.023736667,10,Tree Cover,1821.05004882812,0.9240000247955322,0.9747142898184913,1.0,1726.3010380040973,0.5964425367363576,0.9479701225757109,0.3515275858393534,1682.6502902710881,0.5813610636125182,0.9240000247955322,0.34263896118301407
37.52828311,0.313799026,30,Grassland,1241.44995117188,0.8259999752044678,0.8133714243769645,0.9639999866485596,1260.7249260951562,0.43237425303351545,1.0155261796136699,0.5831519265801544,1063.731994904476,0.36481417730766735,0.8568464591748985,0.49203228186723125
36.7234468,-0.8653336,10,Tree Cover,1029.25,0.9879999756813049,0.9747142898184913,1.0,1043.2790260614188,0.3560788680760385,1.0136303386557384,0.6575514705797,1016.8989749699831,0.34707516101610814,0.9879999756813049,0.6409248146651968
35.07439188,-1.423646794,10,Tree Cover,1099.0,0.9179999828338623,0.9747142898184913,1.0,1035.0540580689403,0.3539055380077805,0.9418144295440768,0.5879088915362963,1008.8819811344147,0.3449567851420849,0.9179999828338623,0.5730431976917775
36.8278134,-2.5595536,20,Shrubland,1508.44995117188,0.5720000267028809,0.7828648663251787,0.953600001335144,1102.1485948149311,0.3795501584360939,0.7306497600127186,0.35109960157662473,904.8169160467846,0.3115944668957105,0.5998322419274522,0.2882377750317417
38.39261667,-0.086086667,20,Shrubland,1277.25,0.8659999966621399,0.7828648663251787,0.953600001335144,1412.8855991824237,0.4848756284894687,1.10619346187702,0.6213178333875512,1159.9187229321096,0.39806217863913024,0.908137579120853,0.5100754004817227
38.73879833,-0.142461667,20,Shrubland,1293.44995117188,0.6980000138282776,0.7828648663251787,0.953600001335144,1153.2361747718915,0.3958811718424876,0.8915970608117049,0.49571588896921737,946.7576368918828,0.325001531293205,0.731963100724624,0.40696156943141903
35.55995807,-1.710308715,30,Grassland,2120.44995117188,0.921999990940094,0.8133714243769645,0.9639999866485596,2403.6433751861287,0.832317508845396,1.133553458244907,0.3012359493995109,2028.0652104221865,0.7022648206221094,0.9564315391180838,0.2541667184959743
39.65634696,-3.867142469,10,Tree Cover,2634.75,0.9359999895095825,0.9747142898184913,1.0,2530.1013826519443,0.8784198168930606,0.9602813863372024,0.0818615694441419,2466.1259723603725,0.8562083479854087,0.9359999895095825,0.07979164152417388
37.40308719,0.077764998,10,Tree Cover,1158.94995117188,0.9480000138282776,0.9747142898184913,1.0,1127.1862752128297,0.3859343147107057,0.9725927112495824,0.5866583965388764,1098.684569737224,0.37617569147983165,0.9480000138282776,0.5718243223484458
38.02211357,2.372529523,30,Grassland,1822.25,0.7860000133514404,0.8133714243769645,0.9639999866485596,1760.928010750787,0.6084125910568727,0.9663482018113799,0.35793561075450714,1485.7764980984634,0.513345874118999,0.815352722238147,0.302006848119148
35.24921289,-1.544114788,30,Grassland,1286.80004882812,0.9879999756813049,0.8133714243769645,0.9639999866485596,1563.0723908486632,0.536507102868536,1.2146971802434594,0.6781900773749234,1318.8365503705936,0.4526758843282312,1.02489625452816,0.5722203701999289
36.85726124,-1.638205738,30,Grassland,1231.0,0.8799999952316284,0.8133714243769645,0.9639999866485596,1331.839257765808,0.4566729481552542,1.0819165375839221,0.6252435894286679,1123.734449308722,0.3853161114730207,0.9128630782361674,0.5275469667631467
36.99801748,-1.507094724,40,Cropland,1625.55004882812,0.8759999871253967,0.9077499955892563,0.949999988079071,1568.6938350473454,0.5409597718700718,0.9650234000351061,0.42406362816503435,1498.9282523302509,0.5169013017799647,0.9221052611765769,0.40520395939661213
36.69490322,0.582813181,30,Grassland,663.700012207031,0.9760000109672546,0.8133714243769645,0.9639999866485596,796.4027254697526,0.26758535887608725,1.1999438162151592,0.9323584573390721,671.9618549426224,0.22577415716377028,1.0124481581793525,0.7866740010155824
38.34399434,-3.488441579,10,Tree Cover,1139.25,0.8539999723434448,0.9747142898184913,1.0,998.1586180227685,0.3416089596856763,0.8761541523131608,0.5345451926274847,972.9194684922695,0.3329711345356576,0.8539999723434448,0.5210288378077873
38.42576317,-3.328619522,20,Shrubland,2160.35009765625,0.9480000138282776,0.7828648663251787,0.953600001335144,2616.0478143125188,0.9060938061700401,1.2109369759793343,0.30484316980929416,2147.6635062758032,0.7438643094087823,0.9941275298877665,0.25026322047898425
36.92499924,-1.566666722,20,Shrubland,1927.84997558594,0.8700000047683716,0.7828648663251787,0.953600001335144,2142.425289597556,0.7408621228884674,1.1113029108742754,0.37044078798580804,1758.8396451385997,0.6082161556086535,0.9123322184881257,0.30411606287947224
36.99509804,0.250802765,30,Grassland,920.700012207031,0.8640000224113464,0.8133714243769645,0.9639999866485596,978.0093169493091,0.33268914183073933,1.0622453611191995,0.7295562192884603,825.191745019191,0.28070523331269465,0.8962655958275759,0.6155603625148812
38.106142,0.27917,10,Tree Cover,2167.60009765625,0.9039999842643738,0.9747142898184913,1.0,2010.3434151330641,0.6963330629793265,0.9274512477217445,0.23111818474241805,1959.510454172705,0.678725786959029,0.9039999842643738,0.22527419730534487
36.27823167,-0.757161667,10,Tree Cover,2102.5,0.9319999814033508,0.9747142898184913,1.0,2010.3634278978752,0.6960547737795507,0.9561776113664091,0.26012283758685845,1959.5299609005451,0.6784545344993054,0.9319999814033508,0.25354544690404546
38.1963,-3.46763,20,Shrubland,1010.65002441406,0.9279999732971191,0.7828648663251787,0.953600001335144,1198.014160568309,0.4086783553034148,1.185389730993057,0.7767113756896422,983.5184504570489,0.3355074722594913,0.9731543330514031,0.6376468607919117
37.7312136,-2.42871,10,Tree Cover,732.450012207031,0.9240000247955322,0.9747142898184913,1.0,694.3407278524802,0.23426858645160836,0.9479701225757109,0.7137015361241027,676.7838294407845,0.22834493886996127,0.9240000247955322,0.695655085925571
37.22999496,-0.708630359,20,Shrubland,1657.05004882812,0.8339999914169312,0.7828648663251787,0.953600001335144,1765.285154495673,0.6089587858422703,1.0653179460355453,0.4563591601932751,1449.2237044517146,0.4999291503864038,0.8745805266875422,0.37465137630113843
37.57640973,-1.048970238,20,Shrubland,1615.75,0.8080000281333923,0.7828648663251787,0.953600001335144,1667.6263064208736,0.5750145629570306,1.0321066417582383,0.4570920788012078,1369.0499618589029,0.47206239338728556,0.8473154645575757,0.37525307117029016
38.15260278,-3.602905556,30,Grassland,172.75,0.8679999709129333,0.8133714243769645,0.9639999866485596,184.3524255724466,0.05410066011225256,1.0671631002746547,1.0130624401624022,155.54667743981477,0.04564723193432904,0.9004149200568149,0.8547676881224858
38.02229276,-2.985271477,10,Tree Cover,1082.84997558594,0.8579999804496765,0.9747142898184913,1.0,953.18727506876,0.3257851818711679,0.8802579272839541,0.5544727454127862,929.0852578826692,0.3175474721809434,0.8579999804496765,0.540452508268733
38.60743117,-3.499978021,10,Tree Cover,1611.34997558594,0.8920000195503235,0.9747142898184913,1.0,1474.6107908120712,0.5084360921712842,0.915139983960253,0.4067038917889688,1437.3242097250718,0.4955799244988222,0.8920000195503235,0.3964200950515013
38.61569316,-3.411690349,30,Grassland,2087.0,0.843999981880188,0.8133714243769645,0.9639999866485596,2165.5886958817014,0.749722952974043,1.0376562989370872,0.28793334596304426,1827.2074549583026,0.6325759694962674,0.8755186655286549,0.24294269603238752
34.75341766,1.034396626,10,Tree Cover,713.400024414062,0.9959999918937683,0.9747142898184913,1.0,728.9791746725454,0.24569153912671596,1.0218378885973252,0.7761463494706092,710.5464185334199,0.239479054074309,0.9959999918937683,0.7565209378194594
37.42351584,-2.518822241,20,Shrubland,527.150024414062,0.7739999890327454,0.7828648663251787,0.953600001335144,521.1807690774804,0.17309254585097994,0.9886763633498515,0.8155838174988717,427.86714822129954,0.14210158617846705,0.8116610611881931,0.6695594750097261
38.0627523,-2.89321826,20,Shrubland,1258.0,0.7120000123977661,0.7828648663251787,0.953600001335144,1144.1259585461387,0.39250625953443097,0.9094800942338145,0.5169738346993836,939.278538530115,0.32223087245385235,0.7466443072576431,0.4244134348037908
37.04616398,-0.746256284,10,Tree Cover,1735.59997558594,0.8040000200271606,0.9747142898184913,1.0,1431.621993958955,0.4942455598773018,0.8248571180554657,0.3306115581781639,1395.4224151302353,0.4817482098917468,0.8040000200271606,0.3222518101354138
34.76429333,-0.16526,10,Tree Cover,1753.90002441406,0.44200000166893005,0.9747142898184913,1.0,795.3344090836209,0.27462450807991357,0.4534662170093332,0.1788417089294196,775.223813718151,0.2676804323598655,0.44200000166893005,0.17431956930906456
37.15353012,0.767337203,20,Shrubland,788.849975585938,0.9079999923706055,0.7828648663251787,0.953600001335144,914.9417768303124,0.309585787356182,1.1598425621433488,0.8502567747871669,751.1281153635904,0.25415670689538256,0.9521811987199102,0.6980244918245279
37.43071333,-2.789345,30,Grassland,1116.40002441406,0.8820000290870667,0.8133714243769645,0.9639999866485596,1210.5968128401457,0.4140976109267801,1.0843754804426171,0.6702778695158369,1021.4365846925857,0.3493933281073832,0.9149378021813321,0.5655444740739489
37.4808562,-0.34617989,10,Tree Cover,1268.25,0.9980000257492065,0.9747142898184913,1.0,1298.548247294219,0.4455655534487796,1.0238898066581659,0.5783242532093862,1265.7135326564312,0.4342991119974103,0.9980000257492065,0.5637009137517962
34.9555574,3.658771745,20,Shrubland,1064.15002441406,0.7720000147819519,0.7828648663251787,0.953600001335144,1049.3814065691286,0.3584937612438995,0.9861216769195082,0.6276279156756088,861.4973085440917,0.2943080642634986,0.8095637727569921,0.5152557084934936
35.34141141,-1.406785051,20,Shrubland,1246.40002441406,0.9259999990463257,0.7828648663251787,0.953600001335144,1474.2856284207721,0.5056632026804221,1.1828350445627138,0.6771718418822917,1210.325524122065,0.41512788907059023,0.971057044620202,0.5559291555496119
37.86323741,-2.747356984,20,Shrubland,770.75,0.9380000233650208,0.7828648663251787,0.953600001335144,923.4844340406155,0.31220328889892784,1.19816339155448,0.8859601026555521,758.141272017997,0.25630556385060344,0.9836409627220202,0.7273353988714167
36.772445,0.076339,30,Grassland,1135.34997558594,0.9039999842643738,0.8133714243769645,0.9639999866485596,1261.8544607101571,0.4318182121911747,1.1114233389214896,0.6796051267303149,1064.6850355594665,0.3643450199028848,0.9377593327643274,0.5734143128614427
37.09506167,-1.506121667,10,Tree Cover,2130.39990234375,0.878000020980835,0.9747142898184913,1.0,1919.0148113081416,0.6645455605260484,0.9007768021379207,0.23623124161187226,1870.4911589553813,0.6477420540801785,0.878000020980835,0.2302579669006565
37.28554167,-0.02968883,30,Grassland,167.699996948242,0.9259999990463257,0.8133714243769645,0.9639999866485596,190.92162861892015,0.05569793037850039,1.1384712706813294,1.0827733403028292,161.08941822086794,0.046994922815622175,0.960580925177868,0.9135860023622459
35.24990082,-0.994596005,20,Shrubland,2414.05004882812,0.9200000166893005,0.7828648663251787,0.953600001335144,2836.9213905790107,0.9839662203965168,1.175170909135115,0.19120468873859808,2328.9912773711603,0.8077942350258902,0.9647651168217284,0.15697088179583815
35.69538545,-0.983686856,30,Grassland,1576.75,0.906000018119812,0.8133714243769645,0.9639999866485596,1756.3138877969059,0.6053279094265628,1.1138822817801846,0.5085543723536217,1481.8833489166918,0.5107431853989324,0.9398340567094922,0.4290908713105598
36.46771174,-0.405913064,40,Cropland,1741.34997558594,0.8619999885559082,0.9077499955892563,0.949999988079071,1653.5870738864885,0.5709068494388694,0.949600652981937,0.3786938035430676,1580.0459766973968,0.5455165226979721,0.9073684203921923,0.3618518976942201
38.64203535,-3.816823439,10,Tree Cover,1419.25,0.8840000033378601,0.9747142898184913,1.0,1287.1638569809923,0.4427317502896954,0.9069324340186664,0.464200683728971,1254.617004737258,0.43153696356371807,0.8840000033378601,0.45246303977414204
35.2003449,-0.87181725,30,Grassland,2419.5,0.9079999923706055,0.8133714243769645,0.9639999866485596,2700.987415710468,0.9368435091345777,1.116341151357912,0.17949764222333436,2278.948145194938,0.790458246884711,0.9419087188241116,0.15145047193940062
36.858875,-2.125544444,20,Shrubland,938.099975585938,0.7599999904632568,0.7828648663251787,0.953600001335144,910.7011991042061,0.30997517982783057,0.970793329927742,0.6608181500999113,747.6467821945031,0.2544763814809933,0.7969798546551741,0.5425034731741807
34.4040978,-0.6834578,20,Shrubland,1902.84997558594,0.8840000033378601,0.7828648663251787,0.953600001335144,2148.671446536363,0.7428766410423615,1.129185944296385,0.3863093032540235,1763.9674731693242,0.6098699889591672,0.9270134250211448,0.31714343606197765
34.88575759,-0.300867406,90,Herbaceous Wetland,1840.65002441406,0.8199999928474426,0.8902518535929698,1.0,1695.4000160321523,0.5858645981868494,0.9210876557437118,0.3352230575568622,1509.3330068541743,0.5215670444903432,0.8199999928474426,0.2984329483570994
34.02929549,0.165757101,20,Shrubland,1712.84997558594,0.906000018119812,0.7828648663251787,0.953600001335144,1982.2605096609257,0.6841944057258846,1.1572878757130054,0.47309346998712076,1627.35120254261,0.5616943804835223,0.9500839102887093,0.38838952980518693
34.89646759,1.305152734,20,Shrubland,1180.69995117188,0.9380000233650208,0.7828648663251787,0.953600001335144,1414.671457904309,0.4845889349468718,1.19816339155448,0.7135744566076083,1161.3848366565503,0.39782681548729804,0.9836409627220202,0.5858141472347221
35.65747362,0.523553311,10,Tree Cover,1331.80004882812,0.8920000195503235,0.9747142898184913,1.0,1218.7834753228299,0.41865164161633167,0.915139983960253,0.49648834234392136,1187.9656695918047,0.4080657375394083,0.8920000195503235,0.48393428201091526
34.38978214,-0.546633679,20,Shrubland,2363.94995117188,0.9279999732971191,0.7828648663251787,0.953600001335144,2802.201996700685,0.9716797032190588,1.185389730993057,0.2137100277739981,2300.4881380995675,0.7977075292642862,0.9731543330514031,0.17544680378711675
37.28808951,-2.515274393,30,Grassland,1015.04998779297,0.9100000262260437,0.8133714243769645,0.9639999866485596,1135.6380219773405,0.3874483716306325,1.118800094216607,0.7313517225859745,958.1903820597198,0.326908130985931,0.9439834427692764,0.6170753117833453
37.857345,-2.59224667,30,Grassland,1411.05004882812,0.8119999766349792,0.8133714243769645,0.9639999866485596,1408.6708388567642,0.48446789757732495,0.9983138727266749,0.5138459751493499,1188.560811772011,0.40876799727699553,0.8423236388809265,0.4335556416039309
37.35903298,-2.418902873,30,Grassland,649.0,0.9120000004768372,0.8133714243769645,0.9639999866485596,727.697067502523,0.24425411527161842,1.1212589637943344,0.8770048485227161,613.9917100696484,0.20608850663899375,0.9460581048838959,0.739969598244902
37.20110447,-2.478271502,30,Grassland,321.049987792969,0.8799999952316284,0.8133714243769645,0.9639999866485596,347.3492911843295,0.11115905900177604,1.0819165375839221,0.970757478582146,293.0746801243737,0.09379004502584005,0.9128630782361674,0.8190730332103273
37.4915773,0.5774645,10,Tree Cover,1603.55004882812,0.8740000128746033,0.9747142898184913,1.0,1437.8600764967052,0.4957215780946839,0.8966730271671274,0.40095144907244346,1401.5027633208476,0.4831869059402616,0.8740000128746033,0.3908131069343417
37.39652989,-2.599777515,30,Grassland,401.799987792969,0.9279999732971191,0.8133714243769645,0.9639999866485596,458.4257164287195,0.14955600709664502,1.140930140259057,0.991374133162412,386.79500322295485,0.12618732800945245,0.9626555872924875,0.8364682592830349
39.21414796,-3.775828856,30,Grassland,2239.55004882812,0.8999999761581421,0.8133714243769645,0.9639999866485596,2478.0745058682164,0.8587082961082266,1.1065055264850672,0.2477972303768405,2090.8662017285783,0.724531949796068,0.9336099467045432,0.20907799690847512
37.31845,0.22996,30,Grassland,1044.84997558594,0.906000018119812,0.8133714243769645,0.9639999866485596,1163.839874923637,0.3973948604783498,1.1138822817801846,0.7164874213018346,981.9855912077478,0.33530044417438215,0.9398340567094922,0.60453361253511
40.09404141,-3.027716686,20,Shrubland,1642.75,0.9380000233650208,0.7828648663251787,0.953600001335144,1968.282911476122,0.678882887040366,1.19816339155448,0.519280504514114,1615.8761915115986,0.5573338505339624,0.9836409627220202,0.4263071121880577
36.865505,2.37745833,30,Grassland,1399.30004882812,0.32600000500679016,0.8133714243769645,0.9639999866485596,560.8407294040265,0.19285032822015502,0.4008009074777902,0.20795057925763516,473.20729174477987,0.16271675137810748,0.3381742837364149,0.1754575323583074
39.30877684,-3.09064394,30,Grassland,1225.30004882812,0.7279999852180481,0.8133714243769645,0.9639999866485596,1096.6925941833074,0.37600259652536605,0.8950400314047051,0.5190374348793391,925.3303213579229,0.31725080056123367,0.755186717117094,0.4379359165558602
37.18368667,-0.331403333,10,Tree Cover,144.949996948242,1.0,0.9747142898184913,1.0,148.71024100327307,0.04200119212334788,1.0259416635681184,0.9839404714447705,144.949996948242,0.04093916215203904,1.0,0.9590608378479609
38.88468623,-0.3279196,20,Shrubland,929.950012207031,0.7139999866485596,0.7828648663251787,0.953600001335144,848.1467554118705,0.2886048396226439,0.9120347806641578,0.623429941041514,696.2922560507525,0.23693224504576563,0.7487415956888441,0.5118093506430785
35.79282,-0.1536805,10,Tree Cover,1094.90002441406,0.9459999799728394,0.9747142898184913,1.0,1062.6451381571942,0.363303514714618,0.9705407931887414,0.6072372784741233,1035.7754011679622,0.3541171273336207,0.9459999799728394,0.5918828526392186
37.54693667,0.85579667,20,Shrubland,967.650024414062,0.9380000233650208,0.7828648663251787,0.953600001335144,1159.402835089728,0.3950005616353815,1.19816339155448,0.8031628299190984,951.8202015926342,0.32427858793004916,0.9836409627220202,0.659362374791971
38.78664649,-3.450773138,30,Grassland,789.950012207031,0.8460000157356262,0.8133714243769645,0.9639999866485596,821.6390479532971,0.27802966092029263,1.0401152417957822,0.7620855808754896,693.2549087276535,0.2345864983961105,0.8775933894738196,0.6430068910777091
39.80245078,-2.910086894,20,Shrubland,262.799987792969,0.8679999709129333,0.7828648663251787,0.953600001335144,291.378999840652,0.09124938562511327,1.1087481483073633,1.01749876268225,239.20971208141452,0.07491184771354957,0.9102348675520541,0.8353230198385044
37.12104086,-1.085943303,30,Grassland,2722.10009765625,0.9279999732971191,0.8133714243769645,0.9639999866485596,3105.726046218138,1.07864524492701,1.140930140259057,0.062284895332047,2620.4448681782146,0.9101029371523932,0.9626555872924875,0.052552650140094186
37.5446627,-2.7358736,30,Grassland,1086.15002441406,0.6779999732971191,0.8133714243769645,0.9639999866485596,905.3793451294179,0.3094703760158783,0.8335674858708754,0.524097109854997,763.9104748430531,0.2611144855070168,0.7033194841156093,0.4422049986085924
36.32825565,-1.14988907,20,Shrubland,868.599975585938,0.8640000224113464,0.7828648663251787,0.953600001335144,958.6206134086777,0.32547341268771574,1.1036387754466765,0.778165362758961,786.9865743729079,0.2671997686235509,0.9060402906896521,0.6388405220661012
36.4447,-1.5772,20,Shrubland,1100.69995117188,0.8640000224113464,0.7828648663251787,0.953600001335144,1214.7751462455503,0.4153727025424238,1.1036387754466765,0.6882660729042529,997.2785037218559,0.3410032453814119,0.9060402906896521,0.5650370453082402
38.8320067,-2.957297247,30,Grassland,250.949996948242,0.8159999847412109,0.8133714243769645,0.9639999866485596,251.76098833005895,0.07839315633429407,1.0032316851630974,0.9248385288288034,212.4224030256405,0.06614393580098303,0.8464730249407106,0.7803290891397276
37.80036201,-3.217112543,30,Grassland,1821.5,0.9300000071525574,0.8133714243769645,0.9639999866485596,2082.683214898985,0.719576526029179,1.143389083117752,0.42381255708857296,1757.2562619193834,0.6071400332269452,0.9647303112376522,0.357590278010707
34.14167395,0.350909108,20,Shrubland,1977.30004882812,0.972000002861023,0.7828648663251787,0.953600001335144,2455.00307369742,0.8492695029490691,1.2415935938262979,0.39232409087722875,2015.4526535519233,0.6972139838185748,1.019295303586532,0.32208131976795723
34.26422006,0.462744735,30,Grassland,1841.05004882812,0.8799999952316284,0.8133714243769645,0.9639999866485596,1991.8624943468305,0.6883128867466463,1.0819165375839221,0.39360365083727594,1680.626614760084,0.5807614531785704,0.9128630782361674,0.3321016250575971
37.29054676,-2.347445723,30,Grassland,1001.15002441406,0.8759999871253967,0.8133714243769645,0.9639999866485596,1078.2372999753309,0.36771834716857854,1.0769987251474997,0.7092803779789211,909.7587351077767,0.31026099579717953,0.9087136921763832,0.5984526963792036
35.91532857,-1.740679064,10,Tree Cover,268.600006103516,0.9679999947547913,0.9747142898184913,1.0,266.7497616637567,0.08375408931176985,0.9931115249526604,0.9093574356408906,260.0048044993404,0.08163630768291624,0.9679999947547913,0.8863636870718751
35.41357979,0.642079236,40,Cropland,1565.25,0.8539999723434448,0.9077499955892563,0.949999988079071,1472.5678471007395,0.5074643714855274,0.94078763590528,0.4333232644197528,1407.0773405097327,0.48489556500852393,0.898947350589192,0.414051785580668
36.02233333,-0.081395,10,Tree Cover,2083.25,0.9620000123977661,0.9747142898184913,1.0,2056.075864242066,0.7117921919697547,0.9869558930719147,0.27516370110216004,2004.0865258276463,0.6937940208941467,0.9620000123977661,0.2682059915036195
38.22466452,-2.914765136,20,Shrubland,799.650024414062,0.9100000262260437,0.7828648663251787,0.953600001335144,929.5110490834004,0.31467360491715873,1.1623973247102608,0.8477237197931021,763.0888655302217,0.2583335877774969,0.954278549655982,0.6959449618784851
37.1774714,-0.074812334,10,Tree Cover,785.0,0.9539999961853027,0.9747142898184913,1.0,768.3174493573075,0.25992556098004566,0.9787483431303281,0.7188227821502824,748.8899970054626,0.25335315857633817,0.9539999961853027,0.7006468376089646
34.60820194,-0.612179761,40,Cropland,2052.30004882812,0.949999988079071,0.9077499955892563,0.949999988079071,2147.821571352114,0.7433991819398528,1.0465436438392806,0.30314446189942773,2052.30004882812,0.7103374869419377,1.0,0.28966251305806234
35.31574167,-0.42097833,10,Tree Cover,1084.25,0.8679999709129333,0.9747142898184913,1.0,965.5434195364085,0.3300197629762901,0.8905173341354932,0.5604975711592031,941.128968462348,0.32167497889550145,0.8679999709129333,0.5463249920174319
35.27948569,-0.125140367,10,Tree Cover,2262.64990234375,0.9300000071525574,0.9747142898184913,1.0,2158.8525451445585,0.748188484923172,0.9541257544564566,0.20593726953328462,2104.2644253634207,0.7292700077322626,0.9300000071525574,0.20072999942029474
36.92516215,2.261648089,20,Shrubland,688.25,0.8059999942779541,0.7828648663251787,0.953600001335144,708.5890808534302,0.23845887187003034,1.029551879191326,0.7910930073212958,581.7213667000001,0.19576454759774575,0.845218113621504,0.6494535660237583
36.63542792,-0.227709894,20,Shrubland,69.3499984741211,0.9380000233650208,0.7828648663251787,0.953600001335144,83.09262937605094,0.017261694064164817,1.19816339155448,1.1809016974903153,68.21549926385511,0.014171113461795346,0.9836409627220202,0.9694698492602248
36.46805572,-0.898303333,30,Grassland,1112.84997558594,0.9039999842643738,0.8133714243769645,0.9639999866485596,1236.8474355844237,0.42304181547750047,1.1114233389214896,0.6883815234439892,1043.585450572269,0.3569399676261559,0.9377593327643274,0.5808193651381716
36.78234444,-0.340380556,10,Tree Cover,866.200012207031,0.9520000219345093,0.9747142898184913,1.0,846.0145082866536,0.2872142861708531,0.9766964862203756,0.6894822000495224,824.6224306207657,0.279951868970748,0.9520000219345093,0.6720481529637612
40.93005124,-2.302348685,20,Shrubland,1070.69995117188,0.8679999709129333,0.7828648663251787,0.953600001335144,1187.136588254606,0.40562200354658934,1.1087481483073633,0.703126144760774,974.5884282429269,0.3329983380248019,0.9102348675520541,0.5772365295272521
37.75223902,0.06765775,10,Tree Cover,1996.19995117188,0.9660000205039978,0.9747142898184913,1.0,1978.353260955273,0.6844741219670265,0.991059668042708,0.3065855460756815,1928.3291937621154,0.6671667076922256,0.9660000205039978,0.2988333128117722
37.38612358,-1.457141396,10,Tree Cover,2152.44995117188,0.9459999799728394,0.9747142898184913,1.0,2089.040482909424,0.7235244000587225,0.9705407931887414,0.24701639313001894,2036.2176107011376,0.7052295717695877,0.9459999799728394,0.24077040820325166
40.13816864,-1.868739936,20,Shrubland,1115.84997558594,0.7480000257492065,0.7828648663251787,0.953600001335144,1066.1556628393175,0.3646852923410925,0.9554650590725445,0.590779766731452,875.2682563988311,0.2993910468117008,0.7843959990582267,0.48500495224652584
35.69748333,-1.343066667,20,Shrubland,1646.19995117188,0.9520000219345093,0.7828648663251787,0.953600001335144,2001.855565419201,0.6904878373747647,1.2160464249765897,0.525558587601825,1643.437906281451,0.5668610190317909,0.9983221692550392,0.4314611502232483
37.53052599,0.016607861,10,Tree Cover,260.649993896484,1.0,0.9747142898184913,1.0,267.41168834717865,0.08366032539247836,1.0259416635681184,0.9422813381756401,260.649993896484,0.08154491465091344,1.0,0.9184550853490866
35.21919833,0.547273333,20,Shrubland,2347.30004882812,0.9440000057220459,0.7828648663251787,0.953600001335144,2830.439012963325,0.981386698706551,1.2058275269820788,0.22444082827552772,2323.6695222553176,0.8056765579074227,0.9899328905204938,0.18425633261307117
35.207844,-1.438004,20,Shrubland,1847.5,0.9200000166893005,0.7828648663251787,0.953600001335144,2171.128254627125,0.7503012938018713,1.175170909135115,0.4248696153332438,1782.4035533281433,0.6159653117170808,0.9647651168217284,0.3487998051046477
37.70934833,-1.389096667,10,Tree Cover,1786.69995117188,0.8560000061988831,0.9747142898184913,1.0,1569.0907430560776,0.5419613471307282,0.8782060703740017,0.3362447232432735,1529.4151692786734,0.5282574695776006,0.8560000061988831,0.32774253662128244
37.4700224,-0.244418856,10,Tree Cover,28.2999992370605,0.9800000190734863,0.9747142898184913,1.0,28.453465884103835,0.0,1.0054228498650404,1.0054228498650404,27.73399979209894,0.0,0.9800000190734863,0.9800000190734863
34.59099,1.117263333,30,Grassland,104.699996948242,0.8939999938011169,0.8133714243769645,0.9639999866485596,115.07878666182977,0.029471087812105532,1.099128844470917,1.0696577566588117,97.09730074594827,0.02486612137310105,0.9273858985301395,0.9025197771570386
40.17531107,-2.303177132,10,Tree Cover,725.200012207031,0.8679999709129333,0.9747142898184913,1.0,645.8031815856324,0.2178046090556858,0.8905173341354932,0.6727127250798075,629.4735895017618,0.2122972648349069,0.8679999709129333,0.6557027060780265
38.32462,-1.00194,20,Shrubland,1385.84997558594,0.7400000095367432,0.7828648663251787,0.953600001335144,1309.9693692526964,0.450354974731689,0.9452461610780336,0.4948911863463447,1075.428894415099,0.3697221965169574,0.7760067203236812,0.4062845238067239
34.98811667,-1.526021667,30,Grassland,1737.05004882812,0.9200000166893005,0.8133714243769645,0.9639999866485596,1964.7679104735464,0.6783154053385674,1.1310945886671795,0.452779183328612,1657.7656597983198,0.5723261152058575,0.9543568770034643,0.3820307617976067
38.69520556,-3.040758333,30,Grassland,1531.69995117188,0.628000020980835,0.8133714243769645,0.9639999866485596,1182.6178946587625,0.40737980445884575,0.7720950136180129,0.36471520915916716,997.8294759281591,0.3437252037389287,0.6514523129446699,0.30772710920574115
38.3376639,-2.2495147,20,Shrubland,437.149993896484,0.8339999914169312,0.7828648663251787,0.953600001335144,465.70373360725347,0.1528612670814238,1.0653179460355453,0.9124566789541215,382.3228719034428,0.12549257052479618,0.8745805266875422,0.749087956162746
35.450478,1.251655,30,Grassland,1477.15002441406,0.8659999966621399,0.8133714243769645,0.9639999866485596,1572.7278803677189,0.5413855103472495,1.0647042306969272,0.5233187203496776,1326.9833339514466,0.45679202260064694,0.8983402579421954,0.4415482353415484
37.46045278,-2.077113889,30,Grassland,2409.64990234375,0.9160000085830688,0.8133714243769645,0.9639999866485596,2713.6917588662427,0.9412045021336576,1.126176776230757,0.18497227409709943,2289.667387758738,0.7941378186030588,0.9502074909436801,0.15606967234062136
37.63026429,-0.234542854,10,Tree Cover,2398.60009765625,0.7820000052452087,0.9747142898184913,1.0,1924.364204507184,0.6674011844996014,0.8022863862915467,0.13488520179194535,1875.7052889483457,0.6505254715735489,0.7820000052452087,0.1314745336716599
34.39328286,0.053409368,20,Shrubland,2413.39990234375,0.9480000138282776,0.7828648663251787,0.953600001335144,2922.475179572961,1.0136367109309963,1.2109369759793343,0.1973002650483379,2399.227283548369,0.8321524403253406,0.9941275298877665,0.16197508956242587
34.35332581,-0.296315947,30,Grassland,2321.69995117188,0.949999988079071,0.8133714243769645,0.9639999866485596,2711.6946327760993,0.940088422032162,1.167978072018897,0.2278896499867349,2287.9823200044866,0.7931961301440907,0.9854771797060279,0.19228104956193717
34.28472222,-0.634444444,30,Grassland,1388.5,0.8859999775886536,0.8133714243769645,0.9639999866485596,1512.4836354119232,0.5199981358951001,1.0892932195980722,0.5692950837029721,1276.152475021078,0.4387465044857487,0.9190871264105711,0.48034062192482246
35.43640137,2.245852709,20,Shrubland,1929.84997558594,0.3160000145435333,0.7828648663251787,0.953600001335144,778.975588998636,0.2693780837413252,0.4036456713492062,0.134267587607881,639.5056831985762,0.2211478997733023,0.3313758537134006,0.11022795394009835
35.01071434,-0.237220593,40,Cropland,1519.75,0.7820000052452087,0.9077499955892563,0.949999988079071,1309.2200647161005,0.4509240664865603,0.8614706792012505,0.4105466127146902,1250.9942346151784,0.4308698152638243,0.823157910587385,0.3922880953235607
34.41982437,-0.936557515,40,Cropland,2040.19995117188,0.9419999718666077,0.9077499955892563,0.949999988079071,2117.177974050669,0.7327321210458011,1.0377306267626236,0.30499850571682247,2023.0192849709838,0.7001448294671675,0.9915789301969996,0.29143410072983217
37.46813949,-1.33037547,40,Cropland,2080.44995117188,0.800000011920929,0.9077499955892563,0.949999988079071,1833.5004063073538,0.6347271062964915,0.8812999347927482,0.24657282849625653,1751.957901708806,0.606498458074786,0.8421052862732697,0.23560682819848378
37.98527833,3.694745,20,Shrubland,863.150024414062,0.8659999966621399,0.7828648663251787,0.953600001335144,954.8109136258256,0.3241109975618482,1.10619346187702,0.7820824643151718,783.8589735894916,0.2660812840032716,0.908137579120853,0.6420562951175816
35.01673685,1.193055963,10,Tree Cover,1617.69995117188,0.8939999938011169,0.9747142898184913,1.0,1483.7411961909781,0.5116200948871419,0.9171918408702054,0.40557174598306356,1446.223746319728,0.4986834174447896,0.8939999938011169,0.39531657635632733
37.91483326,-2.348524671,20,Shrubland,1272.05004882812,0.828000009059906,0.7828648663251787,0.953600001335144,1345.3885814270857,0.4616691610811097,1.0576538106079467,0.5959846495268368,1104.5065546137396,0.3790106602036352,0.8682885988890685,0.48927793868543323
34.51741944,-0.426936111,30,Grassland,2193.25,0.9300000071525574,0.8133714243769645,0.9639999866485596,2507.7381065480095,0.8687526209642308,1.143389083117752,0.27463646215352105,2115.8947551219803,0.733006811754766,0.9647303112376522,0.23172349948288615
37.71732263,0.32840303,20,Shrubland,1116.75,0.9240000247955322,0.7828648663251787,0.953600001335144,1318.0780899443246,0.4508664082670083,1.1802803581323704,0.7294139498653623,1082.0858077240669,0.37014206160263413,0.9689597561890011,0.598817694586367
39.8,-3.433333,10,Tree Cover,953.950012207031,0.8920000195503235,0.9747142898184913,1.0,872.9977988700255,0.29729565228143495,0.915139983960253,0.617844331678818,850.923429538703,0.289778320579624,0.8920000195503235,0.6022216989706994
35.85576667,0.597445,10,Tree Cover,1852.40002441406,0.7279999852180481,0.9747142898184913,1.0,1383.5307479102112,0.47814200947882407,0.7468855159121698,0.2687435064333457,1348.5471903913476,0.46605184920153836,0.7279999852180481,0.26194813601650974
34.9919717,0.316759794,10,Tree Cover,1733.25,0.8299999833106995,0.9747142898184913,1.0,1475.9170826777986,0.5095263093148138,0.8515315636392895,0.3420052543244757,1438.5974710732698,0.49664257472762563,0.8299999833106995,0.33335740858307383
34.041865,0.0463981,30,Grassland,831.849975585938,0.8479999899864197,0.8133714243769645,0.9639999866485596,867.265249092585,0.2940180851859271,1.0425741113735099,0.7485560261875827,731.7518472375726,0.2480766722535748,0.8796680515884391,0.6315913793348643
37.59612982,0.728874572,20,Shrubland,1456.80004882812,0.921999990940094,0.7828648663251787,0.953600001335144,1715.7107051258865,0.5904438306561057,1.1777255955654582,0.5872817649093526,1408.5251991825412,0.4847291630787913,0.9668624052529293,0.48213324217413805
36.21804844,-0.609976532,30,Grassland,976.450012207031,0.9459999799728394,0.8133714243769645,0.9639999866485596,1135.67020466682,0.38702007043979725,1.1630602595824744,0.7760401891426773,958.2175360849735,0.3265467534397931,0.9813277936462437,0.6547810402064507
37.93677453,2.259768475,30,Grassland,939.700012207031,0.9039999842643738,0.8133714243769645,0.9639999866485596,1044.404525151703,0.3555025812743242,1.1114233389214896,0.7559207576471654,881.2124564458958,0.29995398849128885,0.9377593327643274,0.6378053442730385
37.16933823,3.380330086,30,Grassland,1364.80004882812,0.06599999964237213,0.8133714243769645,0.9639999866485596,110.74498074918657,0.038060826731679834,0.08114374031879416,0.04308291358711432,93.4406680312582,0.03211368182621907,0.06846473086771256,0.036351049041493486
37.16024712,1.937249263,30,Grassland,1476.30004882812,0.8199999928474426,0.8133714243769645,0.9639999866485596,1488.3311525322158,0.5123275737134507,1.0081494975995198,0.4958219238860691,1255.7739068943238,0.4322744960066296,0.8506224110004948,0.4183479149938653
37.29078293,1.736355981,10,Tree Cover,1808.05004882812,0.8960000276565552,0.9747142898184913,1.0,1662.0387232202227,0.5741745244274912,0.9192437589310463,0.3450692345035551,1620.0128937544314,0.559656113809212,0.8960000276565552,0.33634391384734313
37.35021846,-2.711745395,30,Grassland,1515.90002441406,0.6819999814033508,0.8133714243769645,0.9639999866485596,1271.059884174863,0.4377597674165944,0.8384852983072978,0.4007255308907034,1072.4520775710662,0.36935818515563057,0.7074688701753935,0.3381106850197629
37.53404737,-1.173652462,40,Cropland,1718.65002441406,0.9100000262260437,0.9077499955892563,0.949999988079071,1722.9100246648304,0.5947110520407853,1.0024786897799176,0.4077676377391323,1646.2858809636234,0.5682620648853859,0.9578947764684624,0.38963271158307655
37.71470424,-2.214473313,10,Tree Cover,2041.19995117188,0.9300000071525574,0.9747142898184913,1.0,1947.5614434083525,0.6740343413742059,0.9541257544564566,0.2800914130822508,1898.315969189648,0.6569909043658336,0.9300000071525574,0.27300910278672375
34.13565618,0.479566,10,Tree Cover,2552.55004882812,0.984000027179718,0.9747142898184913,1.0,2576.8672355179942,0.8943435237725279,1.0095266248358337,0.11518310106330562,2511.7093174244606,0.8717294126277065,0.984000027179718,0.11227061455201144
39.9093269,-3.5106508,10,Tree Cover,2015.40002441406,0.8519999980926514,0.9747142898184913,1.0,1761.6657874960122,0.6095877137831295,0.8741022954032084,0.2645145816200789,1717.1208169567087,0.5941738555222008,0.8519999980926514,0.25782614257045056
35.03730318,2.348327973,20,Shrubland,709.450012207031,0.8579999804496765,0.7828648663251787,0.953600001335144,777.5391677250416,0.26199768852164607,1.0959745638825091,0.833976875360863,638.3264426923214,0.2150889105650478,0.8997483003863076,0.6846593898212598
34.73897687,2.96824328,20,Shrubland,878.75,0.8840000033378601,0.7828648663251787,0.953600001335144,992.2721485504483,0.33702992606886,1.129185944296385,0.792156018227525,814.613047237331,0.2766871724518307,0.9270134250211448,0.6503262525693142
34.96032,2.99662,20,Shrubland,635.0,0.8320000171661377,0.7828648663251787,0.953600001335144,674.8546698493033,0.226289677413886,1.0627632596052021,0.8364735821913161,554.0268562927766,0.18577415877868542,0.8724832382563412,0.6867090794776557
34.92695,2.90052,30,Grassland,724.849975585938,0.777999997138977,0.8133714243769645,0.9639999866485596,693.3281180415396,0.23382835927504314,0.956512576938535,0.7226842176634919,584.9930360399865,0.19729181356576797,0.8070539501185786,0.6097621365528106
34.96999,2.80618,30,Grassland,1672.0,0.7099999785423279,0.8133714243769645,0.9639999866485596,1459.505372999913,0.503554169177188,0.8729099120812878,0.3693557429040997,1231.4522619963006,0.4248719683685282,0.7365145107633376,0.3116425423948095
39.55331333,-3.838033333,20,Shrubland,2325.14990234375,0.921999990940094,0.7828648663251787,0.953600001335144,2738.38855351676,0.9493600337085396,1.1777255955654582,0.22836556185691864,2248.100027153692,0.779384034021721,0.9668624052529293,0.1874783712312084
38.42397485,-3.62147057,20,Shrubland,1275.09997558594,0.8600000143051147,0.7828648663251787,0.953600001335144,1400.734717336096,0.4806873093200462,1.0985293264494211,0.617842017129375,1149.943367983452,0.39462374751276036,0.9018456513223794,0.507221903809619
37.0912695,-0.228396667,20,Shrubland,2142.94995117188,0.8500000238418579,0.7828648663251787,0.953600001335144,2326.7202143561344,0.8057954992406683,1.0857557420245671,0.2799602427838987,1910.1379058700684,0.6615236838456869,0.8913590841566329,0.22983540031094596
39.25728667,-4.487345,10,Tree Cover,1184.69995117188,0.9480000138282776,0.9747142898184913,1.0,1152.2305375275066,0.3947237800857271,0.9725927112495824,0.5778689311638552,1123.095570093302,0.3847429089807298,0.9480000138282776,0.5632571048475478
37.21690833,-0.169625,20,Shrubland,186.600006103516,0.9679999947547913,0.7828648663251787,0.953600001335144,230.7279489720001,0.06869477434248684,1.2364841448290425,1.1677893704865556,189.41779013899693,0.05639547531205243,1.0151006642192593,0.9587051889072069
35.11894602,1.091530332,10,Tree Cover,2331.14990234375,0.9419999718666077,0.9747142898184913,1.0,2252.9095606401547,0.7810761996395593,0.9664370182179481,0.18536081857838882,2195.9431424246577,0.7613261332257992,0.9419999718666077,0.18067383864080847
35.90088273,-0.301145905,10,Tree Cover,2837.14990234375,0.7760000228881836,0.9747142898184913,1.0,2258.74229212946,0.7848147361434475,0.796130754410801,0.011316018267353534,2201.628389155958,0.764970138179147,0.7760000228881836,0.011029884709036574
37.61919722,-1.773480556,20,Shrubland,2700.69995117188,0.6359999775886536,0.7828648663251787,0.953600001335144,2194.050572842459,0.7619491136714412,0.812400715559099,0.050451601887657696,1801.221797414118,0.6255276742720342,0.6669462842892032,0.041418610017169115
34.70912039,0.047647091,20,Shrubland,2682.64990234375,0.8640000224113464,0.7828648663251787,0.953600001335144,2960.676453174803,1.028109420144453,1.1036387754466765,0.07552935530222372,2430.588897338098,0.8440339163613017,0.9060402906896521,0.06200637432835032
36.60920801,-2.03128475,20,Shrubland,1041.69995117188,0.8019999861717224,0.7828648663251787,0.953600001335144,1067.1616295115655,0.364353254188518,1.0244424301940707,0.6600891760055526,876.0941120650376,0.29911845767205514,0.8410234742542313,0.541905016582176
37.45747559,-0.505014727,40,Cropland,2790.75,0.871999979019165,0.9077499955892563,0.949999988079071,2680.8415899446322,0.9313198529092002,0.9606168914967776,0.029297038587577467,2561.61470735217,0.88990063471469,0.9178947262750767,0.027994091560386625
35.24847833,-1.195636667,30,Grassland,2390.85009765625,0.9039999842643738,0.8133714243769645,0.9639999866485596,2657.2465983978786,0.921541196429195,1.1114233389214896,0.1898821424922946,2242.041992317652,0.7775469771193345,0.9377593327643274,0.16021235564499287
36.10790631,-1.34648502,20,Shrubland,926.349975585938,0.6660000085830688,0.7828648663251787,0.953600001335144,788.0658824136043,0.2681279903556265,0.8507215449702303,0.5825935546146037,646.9684257837293,0.22012162650367267,0.6984060482913131,0.4782844217876404
36.12350706,-1.437483216,30,Grassland,1536.65002441406,0.8619999885559082,0.8133714243769645,0.9639999866485596,1628.5208254936938,0.5610152929700118,1.0597864182605048,0.49877112529049283,1374.0584251089367,0.473354579108137,0.8941908718824112,0.4208362927742742
39.95556314,-3.031422476,10,Tree Cover,2379.94995117188,0.9599999785423279,0.9747142898184913,1.0,2344.0221672365956,0.8128694138160678,0.9849039750110737,0.17203456119500593,2284.7519020568193,0.7923154334029019,0.9599999785423279,0.167684545139426
38.31779858,-3.139475711,20,Shrubland,131.449996948242,0.9380000233650208,0.7828648663251787,0.953600001335144,157.49857416333168,0.043374999666314557,1.19816339155448,1.1547883918881654,129.29960154797536,0.035609021883474035,0.9836409627220202,0.9480319408385461
38.47127658,-2.66611414,20,Shrubland,289.0,0.6819999814033508,0.7828648663251787,0.953600001335144,251.76502753375544,0.07970632906695403,0.8711592648226831,0.7914529357557292,206.6883330008491,0.06543549136210766,0.7151845432555333,0.6497490518934256
38.3579892,-2.855958772,20,Shrubland,536.950012207031,0.9480000138282776,0.7828648663251787,0.953600001335144,650.2126240340486,0.21616969817084702,1.2109369759793343,0.9947672778084873,533.7967893085819,0.1774660881136028,0.9941275298877665,0.8166614417741639
38.28262976,-3.254870009,20,Shrubland,889.349975585938,0.9039999842643738,0.7828648663251787,0.953600001335144,1026.9618659847522,0.3489507970501017,1.1547331131460932,0.8057823160959916,843.0918234160656,0.28647369830558805,0.9479865593526376,0.6615128610470495
38.22196247,-2.73451168,30,Grassland,1768.44995117188,0.8619999885559082,0.8133714243769645,0.9639999866485596,1874.1792396254111,0.6472308938914264,1.0597864182605048,0.41255552436907833,1581.3318037187908,0.5460986736062753,0.8941908718824112,0.34809219827613586
38.02698934,-3.557937803,30,Grassland,900.400024414062,0.9359999895095825,0.8133714243769645,0.9639999866485596,1036.1495230196313,0.3522146759336722,1.1507657651319019,0.7985510891982298,874.247328919555,0.297179830517034,0.9709543594120558,0.6737745288950219
38.43945858,-2.533982174,20,Shrubland,229.699996948242,0.9039999842643738,0.7828648663251787,0.953600001335144,265.2421925656916,0.08161975687544777,1.1547331131460932,1.0731133562706454,217.7525097902753,0.06700633385730695,0.9479865593526376,0.8809802254953306
36.47172866,-1.665538836,30,Grassland,749.049987792969,0.777999997138977,0.8133714243769645,0.9639999866485596,716.475734079631,0.24195218289279297,0.956512576938535,0.714560394045742,604.5237514845887,0.20414625970567787,0.8070539501185786,0.6029076904129008
37.7816401,-3.5990826,20,Shrubland,1022.65002441406,0.8700000047683716,0.7828648663251787,0.953600001335144,1136.4739489369936,0.3878162089542895,1.1113029108742754,0.7234867019199858,932.9965655106154,0.3183805412716585,0.9123322184881257,0.5939516772164671
36.53831894,-1.729164581,30,Grassland,676.049987792969,0.8479999899864197,0.8133714243769645,0.9639999866485596,704.8322152673268,0.23701103468358087,1.0425741113735099,0.8055630766899289,594.699575538229,0.19997718417388566,0.8796680515884391,0.6796908674145534
36.78423572,-1.49970457,30,Grassland,1487.0,0.9620000123977661,0.8133714243769645,0.9639999866485596,1758.7217543709803,0.6054891509387033,1.1827315093281643,0.577242358389461,1483.9149774355608,0.5108792323286158,0.9979253378853805,0.4870461055567648
36.57737936,-1.619247937,20,Shrubland,878.450012207031,0.9179999828338623,0.7828648663251787,0.953600001335144,1030.0846682669994,0.3498691512498411,1.1726161465682028,0.8227469953183618,845.6555106935704,0.28722762787439216,0.9626677658856567,0.6754401380112646
36.81719234,-2.445804883,20,Shrubland,1565.19995117188,0.8999999761581421,0.7828648663251787,0.953600001335144,1799.3909029917988,0.6200911135017322,1.1496236641488378,0.5295325506471057,1477.2230670775082,0.5090683158570525,0.9437919199853649,0.4347236041283124
34.3256329,-0.068341999,20,Shrubland,2153.39990234375,0.9020000100135803,0.7828648663251787,0.953600001335144,2481.1009115722713,0.8593168077762676,1.15217842671575,0.2928616189394823,2036.8778636302225,0.7054623918926732,0.9458892709214366,0.24042687902876336
39.42716758,-4.392553437,10,Tree Cover,1099.5,0.9200000166893005,0.9747142898184913,1.0,1037.781049191607,0.35484221547241923,0.9438663476049176,0.5890241321324985,1011.5400183498859,0.3458697780518192,0.9200000166893005,0.5741302386374815
38.11733333,-2.102627833,20,Shrubland,1463.84997558594,0.7919999957084656,0.7828648663251787,0.953600001335144,1480.931415180324,0.5096956277758062,1.0116688457692167,0.5019732179934103,1215.7814311647007,0.41843833782147566,0.8305369070884849,0.4120985692670093
35.23110833,-1.6351055,30,Grassland,2024.5,0.9520000219345093,0.8133714243769645,0.9639999866485596,2369.5497366196846,0.8199857684885173,1.1704370148775918,0.35045124638907443,1999.2988289418395,0.6918599602921912,0.9875519036511926,0.29569194335900145
36.85969718,0.133747968,30,Grassland,936.450012207031,0.9559999704360962,0.8133714243769645,0.9639999866485596,1100.6609737618387,0.37461121709047646,1.175354754033047,0.8007435369425706,928.6786269543578,0.31607682930762454,0.9917012278804316,0.6756243985728071
37.83103336,0.635995376,30,Grassland,789.849975585938,0.878000020980835,0.8133714243769645,0.9639999866485596,852.6096127207463,0.2885082525819052,1.0794576680061945,0.7909494154242893,719.3862082375598,0.2434277713663534,0.9107884161215479,0.6673606447551945
36.45009,0.880661972,30,Grassland,796.599975585938,0.8880000114440918,0.8133714243769645,0.9639999866485596,869.6897459589557,0.2943805391116833,1.091752162456767,0.7973716233450837,733.7975075040766,0.24838249141327035,0.9211618503557358,0.6727793589424655
38.55332673,0.032848677,20,Shrubland,331.600006103516,0.23800000548362732,0.7828648663251787,0.953600001335144,100.810250486099,0.03236061747305857,0.3040116062441474,0.27165098877108884,82.76090935456159,0.02656668460232371,0.2495805423137598,0.2230138577114361
36.70319347,-1.576286246,30,Grassland,1061.40002441406,0.7300000190734863,0.8133714243769645,0.9639999866485596,952.6054331947666,0.32540974062080014,0.8974989742634001,0.5720892336426,803.7573120313076,0.2745632654571513,0.7572614410622587,0.4826981756051074
35.36856763,1.797539798,20,Shrubland,776.650024414062,0.8339999914169312,0.7828648663251787,0.953600001335144,827.3792087972448,0.27979389644914415,1.0653179460355453,0.7855240495864011,679.242987403943,0.22969883707590089,0.8745805266875422,0.6448816896116413
35.47456015,-0.25193774,20,Shrubland,2588.5,0.621999979019165,0.7828648663251787,0.953600001335144,2056.609020211597,0.7138906205220541,0.7945176821369894,0.08062706161493532,1688.3881537718828,0.5860737043029615,0.6522650777561841,0.06619137345322282
34.1764895,-0.989705874,30,Grassland,2180.30004882812,0.9139999747276306,0.8133714243769645,0.9639999866485596,2450.042046970136,0.848699147305984,1.123717833372062,0.27501868606607804,2067.2139181824036,0.7160867675026693,0.9481327669985153,0.23204599949584592
39.77226198,-3.033764783,20,Shrubland,1282.80004882812,0.8600000143051147,0.7828648663251787,0.953600001335144,1409.1934736084393,0.4836559711411586,1.0985293264494211,0.6148733553082626,1156.887645551776,0.3970608920560656,0.9018456513223794,0.5047847592663137
34.5339726,0.2236934,20,Shrubland,1931.69995117188,0.843999981880188,0.7828648663251787,0.953600001335144,2082.5493567491712,0.7201780887009668,1.0780915304603995,0.3579134417594328,1709.6840619802354,0.5912354470971273,0.8850670938532885,0.29383164675616136
36.66058939,-1.678013261,20,Shrubland,962.400024414062,0.8479999899864197,0.7828648663251787,0.953600001335144,1042.472649075383,0.3551048823733258,1.083200979457655,0.7280960970843291,855.8255137619593,0.2915259394729267,0.8892617332205612,0.5977357937476345
35.38830278,1.652886111,10,Tree Cover,967.299987792969,0.9539999961853027,0.9747142898184913,1.0,946.7432603623549,0.32254539254601344,0.9787483431303281,0.6562029505843147,922.8041846645358,0.314389603229714,0.9539999961853027,0.6396103929555887
38.35173,-2.682811667,10,Tree Cover,806.349975585938,0.906000018119812,0.9747142898184913,1.0,749.5048550358398,0.2538122521789379,0.9295031657825853,0.6756909136036474,730.5530924917698,0.24739442912982523,0.906000018119812,0.6586055889899868
36.526184,-1.8912603,20,Shrubland,2365.85009765625,0.8479999899864197,0.7828648663251787,0.953600001335144,2562.6911430312384,0.8886365810595201,1.083200979457655,0.1945643983981347,2103.859958381831,0.7295326733103963,0.8892617332205612,0.1597290599101649
35.21745897,0.413712,10,Tree Cover,2253.35009765625,0.8840000033378601,0.9747142898184913,1.0,2043.6362887635823,0.708221232981097,0.9069324340186664,0.19871120103756942,1991.9614938494924,0.6903133561395461,0.8840000033378601,0.19368664719831394
37.707146,0.665154,10,Tree Cover,1534.15002441406,0.8220000267028809,0.9747142898184913,1.0,1293.785650017931,0.4456874804875696,0.8433240748485913,0.39763659436102167,1261.0713610345827,0.4344179560244341,0.8220000267028809,0.38758207067844674
34.31139917,0.250566416,20,Shrubland,1804.40002441406,0.8999999761581421,0.7828648663251787,0.953600001335144,2074.380967657144,0.716600869767721,1.1496236641488378,0.4330227943811169,1702.978163463385,0.5882987031603925,0.9437919199853649,0.35549321682497254
34.13444435,0.249098138,20,Shrubland,2320.10009765625,0.9179999828338623,0.7828648663251787,0.953600001335144,2720.586836166183,0.9431631394876505,1.1726161465682028,0.22945300708055233,2233.4855776418362,0.7742966485780598,0.9626677658856567,0.1883711173075968
36.95757254,0.452968357,20,Shrubland,984.599975585938,0.9419999718666077,0.7828648663251787,0.953600001335144,1184.742334466397,0.40384289584682376,1.2032727644151666,0.799429868568343,972.622848157744,0.33153776660113893,0.9878355395844222,0.6562977729832833
39.99515,-2.784307972,10,Tree Cover,1765.90002441406,0.8980000019073486,0.9747142898184913,1.0,1626.915950506186,0.5618275535536562,0.9212956158409987,0.3594680622873425,1585.7782252920128,0.5476213448625123,0.8980000019073486,0.35037865704483623
37.8393898,-1.376794338,40,Cropland,2216.60009765625,0.6700000166893005,0.9077499955892563,0.949999988079071,1636.0474906520285,0.5668519612721326,0.7380887027758971,0.17123674150376464,1563.2864432200204,0.541641970317279,0.7052631843123083,0.1636212139950293
38.3612192,0.844219512,20,Shrubland,777.0,0.2619999945163727,0.7828648663251787,0.953600001335144,260.0372101187934,0.08793798871775996,0.33466822409111113,0.24673023537335115,213.47944154173214,0.07219333230499762,0.2747483160125253,0.20255498370752764
38.49465833,-3.261621667,40,Cropland,1364.05004882812,0.8539999723434448,0.9077499955892563,0.949999988079071,1283.2814206934888,0.4410329282286395,0.94078763590528,0.4997547076766406,1226.2091774650962,0.4214185722925949,0.898947350589192,0.47752877829659707
38.02761117,0.090713833,40,Cropland,1015.29998779297,0.8999999761581421,0.9077499955892563,0.949999988079071,1006.6317480000326,0.343437414329822,0.9914623856031161,0.6480249712732941,961.8631329193022,0.3281634897422054,0.9473684078438459,0.6192049181016405
37.90619284,-0.023484416,20,Shrubland,1672.5,0.8759999871253967,0.7828648663251787,0.953600001335144,1871.4723849398845,0.6456931163060309,1.1189670463018742,0.4732739299958432,1536.3988846643376,0.5300864665229311,0.9186241462865994,0.38853767976366826
36.916321,2.819814,30,Grassland,546.400024414062,0.5820000171661377,0.8133714243769645,0.9639999866485596,390.97122674570363,0.13010737535206934,0.7155402805206056,0.5854329051685362,329.88052696363314,0.10977761688563312,0.6037344660029693,0.4939568491173362
37.35782325,0.647165723,30,Grassland,1590.44995117188,0.8659999966621399,0.8133714243769645,0.9639999866485596,1693.358791724422,0.5837218029960313,1.0647042306969272,0.48098242770089594,1428.7652193798988,0.4925131129860283,0.8983402579421954,0.40582714495616706
38.08276117,0.780021667,20,Shrubland,1033.5,0.8259999752044678,0.7828648663251787,0.953600001335144,1090.444866150409,0.37222019055625705,1.0550990480410345,0.6828788574847774,895.2086547594222,0.30557687637937037,0.8661912479529967,0.5606143715736264
36.46082137,-0.985528181,30,Grassland,820.099975585938,0.9120000004768372,0.8133714243769645,0.9639999866485596,919.5444488332479,0.3115843442201763,1.1212589637943344,0.8096746195741581,775.8622287181618,0.2628981383630664,0.9460581048838959,0.6831599665208293
35.16146333,0.182493333,10,Tree Cover,1923.65002441406,0.6639999747276306,0.9747142898184913,1.0,1310.438947020668,0.4531420559749262,0.681225238681254,0.2280831827063277,1277.303567595742,0.4416840372764912,0.6639999747276306,0.2223159374511394
36.55391693,-1.492383978,30,Grassland,750.150024414062,0.9359999895095825,0.8133714243769645,0.9639999866485596,863.246966808563,0.29153327066907136,1.1507657651319019,0.8592324944628306,728.3614364178936,0.2459801191924965,0.9709543594120558,0.7249742402195593
36.80093897,-0.749781972,10,Tree Cover,800.0,0.9879999756813049,0.9747142898184913,1.0,810.9042709245907,0.27452526355612106,1.0136303386557384,0.7391050750996173,790.399980545044,0.2675836973043387,0.9879999756813049,0.7204162783769662
36.9620157,-1.057128342,10,Tree Cover,2205.0,0.9399999976158142,0.9747142898184913,1.0,2126.4692806841304,0.7367214462029101,0.9643851613079957,0.22766371510508565,2072.6999947428703,0.7180929212297213,0.9399999976158142,0.2219070763860929
36.4929384,-1.2696537,30,Grassland,1569.80004882812,0.6320000290870667,0.8133714243769645,0.9639999866485596,1219.754772280328,0.420364416665661,0.7770128260544353,0.35664840938877435,1029.1635791089902,0.35468092227825904,0.655601699004454,0.300920776726195
36.01108517,1.410928472,20,Shrubland,540.950012207031,0.6899999976158142,0.7828648663251787,0.953600001335144,476.7815279349717,0.15857600574328792,0.881378162817194,0.722802157073906,391.4172678382211,0.13018412685065575,0.7235738219900786,0.5933896951394229
35.44532013,3.355076551,30,Grassland,1673.80004882812,0.6520000100135803,0.8133714243769645,0.9639999866485596,1341.72115701336,0.462925183328143,0.8016018149555804,0.33867663162743733,1132.0722652608515,0.3905914117827148,0.6763485674728298,0.285757155690115
36.11521111,-0.209486111,20,Shrubland,1823.30004882812,0.8980000019073486,0.7828648663251787,0.953600001335144,2091.450923083353,0.7226170677192425,1.1470689777184946,0.42445190999925203,1716.9918676938855,0.5932377446856749,0.9416946315541639,0.34845688686848897
38.580313,-0.807658,20,Shrubland,1133.44995117188,0.7940000295639038,0.7828648663251787,0.953600001335144,1149.571699345953,0.39337715974501103,1.0142236083361287,0.6208464485911177,943.7492591019683,0.3229458443246407,0.8326342580245566,0.5096884136999159
38.52035014,0.903951292,20,Shrubland,784.799987792969,0.6299999952316284,0.7828648663251787,0.953600001335144,631.557258263757,0.21365688117006457,0.8047365801315003,0.5910796989614358,518.4815309092963,0.17540317269554181,0.6606543564907296,0.4852511837951878
37.913347,-0.471909,30,Grassland,2162.05004882812,0.8560000061988831,0.8133714243769645,0.9639999866485596,2275.36252163862,0.7881023402767712,1.0524097362463547,0.2643073959695835,1919.828714555648,0.6649584356264413,0.8879668237080075,0.22300838808156612
36.726525,0.430721667,20,Shrubland,1109.5,0.9200000166893005,0.7828648663251787,0.953600001335144,1303.85212368541,0.44592444980804985,1.175170909135115,0.7292464593270651,1070.4068971137076,0.3660849248126381,0.9647651168217284,0.5986801920090903
37.59106152,0.193408398,40,Cropland,1168.44995117188,0.8619999885559082,0.9077499955892563,0.949999988079071,1109.5608366095296,0.3799768984757395,0.949600652981937,0.5696237545061975,1060.214586502163,0.3630779286774716,0.9073684203921923,0.5442904917147208
34.714632,-0.520217972,30,Grassland,2120.60009765625,0.9100000262260437,0.8133714243769645,0.9639999866485596,2372.5275890535586,0.8215437299183662,1.118800094216607,0.2972563642982407,2001.8113809224105,0.6931744844881158,0.9439834427692764,0.25080895828116057
36.82789446,-0.662759302,20,Shrubland,2295.5,0.9520000219345093,0.7828648663251787,0.953600001335144,2791.4345685337616,0.967596311224772,1.2160464249765897,0.2484501137518177,2291.6485395249424,0.7943552388665462,0.9983221692550392,0.20396693038849306
36.22811167,-0.377108333,30,Grassland,2032.80004882812,0.8999999761581421,0.8133714243769645,0.9639999866485596,2249.304488267429,0.7784198003529823,1.1065055264850672,0.3280857261320849,1897.842345247414,0.6567888283666126,0.9336099467045432,0.27682111833793077
36.001255,0.467396,30,Grassland,2350.75,0.8659999966621399,0.8133714243769645,0.9639999866485596,2502.8534703108016,0.8678198274976117,1.0647042306969272,0.1968844031993156,2111.7733613576156,0.7322197707162786,0.8983402579421954,0.1661204872259167
36.7870803,-1.039495255,10,Tree Cover,2525.89990234375,0.8740000128746033,0.9747142898184913,1.0,2264.9063117557216,0.7859794486206153,0.8966730271671274,0.11069357854651209,2207.6365471683966,0.7661054000741724,0.8740000128746033,0.10789461280043092
37.683333,-3.4,40,Cropland,2185.55004882812,0.8999999761581421,0.9077499955892563,0.949999988079071,2166.8906652661344,0.7506386906634355,0.9914623856031161,0.2408236949396806,2070.5210700213356,0.7172550280938998,0.9473684078438459,0.230113379749946
36.75838167,-2.1683,30,Grassland,2000.15002441406,0.9580000042915344,0.8133714243769645,0.9639999866485596,2355.8040945932316,0.8150883699252134,1.1778136968917419,0.36272532696652854,1987.700994306072,0.6877277983623711,0.9937759518255963,0.3060481534632253
38.66895674,0.943976836,30,Grassland,894.400024414062,0.628000020980835,0.8133714243769645,0.9639999866485596,690.5617990299262,0.23468915137607074,0.7720950136180129,0.5374058622419422,582.6589646023098,0.19801810371825998,0.6514523129446699,0.45343420922640987
34.70885278,-0.426691667,10,Tree Cover,2463.85009765625,0.8299999833106995,0.9747142898184913,1.0,2098.046126230043,0.7278670062134036,0.8515315636392895,0.12366455742588586,2044.9955399347527,0.7094623720436091,0.8299999833106995,0.12053761126709037
37.00421,0.8598545,30,Grassland,1789.25,0.8859999775886536,0.8133714243769645,0.9639999866485596,1949.0178931658506,0.6732029975647629,1.0892932195980722,0.41609022203330925,1644.4766409301144,0.568012540049667,0.9190871264105711,0.35107458636090416
40.74547596,-2.152130257,30,Grassland,905.75,0.8159999847412109,0.8133714243769645,0.9639999866485596,908.6770988364755,0.3089426265099895,1.0032316851630974,0.6942890586531077,766.6929423400487,0.26066919881275935,0.8464730249407106,0.5858038261279512
35.44880558,2.492806911,20,Shrubland,873.549987792969,0.2680000066757202,0.7828648663251787,0.953600001335144,299.04446173325664,0.10155174512868143,0.3423323975869943,0.24078065245831287,245.5027288509957,0.08336964478181975,0.2810402750634343,0.19767063028161458
37.34464722,-0.981616667,30,Grassland,2281.25,0.9419999718666077,0.8133714243769645,0.9639999866485596,2642.012457551931,0.9157306459050185,1.158142447146052,0.2424118012410335,2229.188242306611,0.7726443465988773,0.9771784075864595,0.20453406098758234
34.53808095,-0.999030658,40,Cropland,2499.69995117188,0.7620000243186951,0.9077499955892563,0.949999988079071,2098.343632980082,0.7280915307162216,0.8394382021715691,0.11134667145534757,2005.0225762991001,0.6957106232523599,0.8021052988216162,0.1063946755692563
37.09741667,0.426475,20,Shrubland,1647.75,0.9679999947547913,0.7828648663251787,0.953600001335144,2037.4167496420548,0.7027653034481591,1.2364841448290425,0.5337188413808833,1672.6321194672846,0.576940294223593,1.0151006642192593,0.4381603699956662
37.07924829,-1.004162632,10,Tree Cover,2584.0,0.8820000290870667,0.9747142898184913,1.0,2338.2114112489166,0.8116248864646785,0.904880577108714,0.09325569064403548,2279.08807516098,0.7911023748094327,0.8820000290870667,0.09089765427763397
34.79353333,-1.411838889,30,Grassland,1408.5,0.9359999895095825,0.8133714243769645,0.9639999866485596,1620.853580188284,0.557420802612302,1.1507657651319019,0.5933449625195999,1367.5892152318806,0.47032174115932734,0.9709543594120558,0.5006326182527284
38.12975745,-2.974938686,20,Shrubland,290.399993896484,0.9240000247955322,0.7828648663251787,0.953600001335144,342.7534087977803,0.1085691424650325,1.1802803581323704,1.0717112156673378,281.3859072832245,0.08913062823398148,0.9689597561890011,0.8798291279550196
36.65098667,-0.328765,30,Grassland,160.0,0.9139999747276306,0.8133714243769645,0.9639999866485596,179.79485333952994,0.05193944041448528,1.123717833372062,1.0717783929575766,151.70124271976246,0.04382371080537555,0.9481327669985153,0.9043090561931397
38.458553,-2.999186,30,Grassland,1825.34997558594,0.7900000214576721,0.8133714243769645,0.9639999866485596,1772.9003953946794,0.6125655420660807,0.9712660142478023,0.35870047218172163,1495.8781533742551,0.5168499111776206,0.8195021082979312,0.30265219712031066
37.50279234,-0.990925982,40,Cropland,2382.14990234375,0.9179999828338623,0.9077499955892563,0.949999988079071,2409.0482843127998,0.8354287162286136,1.0112916411946136,0.175862924966,2301.909049368572,0.798274129460875,0.9663157835297307,0.16804165406885563
36.40600333,0.576561667,30,Grassland,848.75,0.8960000276565552,0.8133714243769645,0.9639999866485596,934.9726344960081,0.3171943536908544,1.101587787329612,0.7843934336387576,788.8797033259145,0.2676315631111284,0.9294606224753043,0.6618290593641758
35.8535456,-1.851262947,30,Grassland,1384.90002441406,0.6620000004768372,0.8133714243769645,0.9639999866485596,1127.1650187670944,0.38750304152817533,0.8138963094061529,0.42639326787797754,951.0413169297209,0.3269542585098426,0.6867220017070177,0.3597677431971751
36.41806003,-0.594295783,10,Tree Cover,1142.90002441406,0.9200000166893005,0.9747142898184913,1.0,1078.74487172127,0.369218765886603,0.9438663476049176,0.5746475817183146,1051.4680415351372,0.35988280717882004,0.9200000166893005,0.5601172095104805
37.62143234,-0.067800978,10,Tree Cover,2090.39990234375,0.9039999842643738,0.9747142898184913,1.0,1938.7439976661237,0.6712047284813855,0.9274512477217445,0.256246519240359,1889.7214788249985,0.6542328402445469,0.9039999842643738,0.2497671440198269
37.036407,3.299662,30,Grassland,1555.44995117188,0.6620000004768372,0.8133714243769645,0.9639999866485596,1265.9749747247738,0.43621940163766304,0.8138963094061529,0.3776769077684898,1068.1617040238364,0.3680585072251083,0.6867220017070177,0.3186634944819094
37.30999243,0.827018361,30,Grassland,1511.80004882812,0.3840000033378601,0.8133714243769645,0.9639999866485596,713.7344716048477,0.2458012563968383,0.47210904124398123,0.22630778484714292,602.2108214072168,0.2073939012428954,0.39834025794219535,0.1909463566993
40.8952043,-2.145884021,30,Grassland,2267.89990234375,0.8500000238418579,0.8133714243769645,0.9639999866485596,2370.0303616392075,0.8213999707266204,1.0450330542322046,0.2236330835055843,1999.7043545249671,0.693053188201625,0.8817427755336038,0.1886895873319788
36.867005,0.663503333,30,Grassland,1051.09997558594,0.9559999704360962,0.8133714243769645,0.9639999866485596,1235.4153532689543,0.42190424325065096,1.175354754033047,0.7534505107823961,1042.3771364136683,0.35598014526588695,0.9917012278804316,0.6357210826145447
36.9396368,-0.917520304,10,Tree Cover,2529.19995117188,0.9620000123977661,0.9747142898184913,1.0,2496.208796566286,0.866260034562318,0.9869558930719147,0.12069585850959665,2433.090384383778,0.8443560343865515,0.9620000123977661,0.11764397801121461
37.95456359,1.319221318,20,Shrubland,81.0500030517578,0.6420000195503235,0.7828648663251787,0.953600001335144,66.46626484598029,0.01518185884677991,0.8200649271232665,0.8048830682764867,54.56596421028615,0.012463657592293738,0.6732382745925477,0.660774617000254
39.767592,-2.711665397,10,Tree Cover,733.049987792969,0.7760000228881836,0.9747142898184913,1.0,583.603639802445,0.19691268504730577,0.796130754410801,0.5992180693634952,568.8468073055267,0.1919336079621369,0.7760000228881836,0.5840664149260467
35.53142,-0.328689,20,Shrubland,1863.94995117188,0.8600000143051147,0.7828648663251787,0.953600001335144,2047.603684396277,0.7077106616836467,1.0985293264494211,0.39081866476577454,1680.9951577469212,0.5810002220848919,0.9018456513223794,0.3208454292374875
36.36812327,0.063959737,40,Cropland,2593.75,0.7519999742507935,0.9077499955892563,0.949999988079071,2148.719297923928,0.7458806503636118,0.8284218979947674,0.08254124763115557,2053.1578501984677,0.7127085953408724,0.7915789301969997,0.0788703348561272
38.20861816,-2.452108623,10,Tree Cover,1351.55004882812,0.5559999942779541,0.9747142898184913,1.0,770.9559891183483,0.26490709407390994,0.5704235590733885,0.3055164649994786,751.4618194148034,0.2582087300681314,0.5559999942779541,0.2977912642098227
37.70497833,-2.56402,40,Cropland,671.950012207031,0.921999990940094,0.9077499955892563,0.949999988079071,682.4983841117092,0.22943974923416222,1.015698149732942,0.7862584004987799,652.1451715171104,0.2192357199671624,0.9705263184312308,0.7512905984640684
38.09905804,-0.722515283,20,Shrubland,1651.90002441406,0.4560000002384186,0.7828648663251787,0.953600001335144,962.1921278221862,0.33190309701094295,0.5824760055703021,0.25057290855935915,789.9186351426173,0.27247826479717596,0.4781879190435915,0.20570965424641557
39.15408891,-2.120863885,20,Shrubland,44.0,0.1720000058412552,0.7828648663251787,0.953600001335144,9.667058240255358,0.0012105857229678114,0.2197058690967127,0.21849528337374488,7.936241869147653,0.0009938391661697221,0.1803691333897194,0.17937529422354967
35.79994167,-0.841913333,10,Tree Cover,434.899993896484,0.9660000205039978,0.9747142898184913,1.0,431.0118435828251,0.14142343672638322,0.991059668042708,0.8496362313163248,420.113403021192,0.13784744469244695,0.9660000205039978,0.8281525758115509
36.48975372,1.614215,30,Grassland,308.75,0.20800000429153442,0.8133714243769645,0.9639999866485596,78.95532028827202,0.025170050944146972,0.2557257337271968,0.23055568278304983,66.61825955856948,0.021237137418701202,0.21576764229496187,0.19453050487626067
37.63666667,-3.000555556,40,Cropland,1536.59997558594,0.878000020980835,0.9077499955892563,0.949999988079071,1486.2405038380962,0.5120002944318907,0.9672266871352508,0.45522639270336024,1420.1419239294914,0.48922975878349456,0.924210559998193,0.43498080121469845
36.03515579,-1.581830411,10,Tree Cover,834.150024414062,0.9139999747276306,0.9747142898184913,1.0,782.1913654056304,0.26520230238228093,0.9377106545732835,0.6725083521910025,762.4131012335051,0.25849647382477375,0.9139999747276306,0.6555035009028568
37.6344318,0.914839426,20,Shrubland,595.700012207031,0.8360000252723694,0.7828648663251787,0.953600001335144,636.1317855500392,0.21264885300702377,1.0678727086024575,0.8552238555954337,522.2370224020209,0.17457562463345497,0.8766778776236138,0.7021022529901589
36.08934056,0.855498674,30,Grassland,1321.05004882812,0.8980000019073486,0.8133714243769645,0.9639999866485596,1458.5008900159635,0.5009059676776261,1.1040466569073395,0.6031406892297134,1230.6047331926354,0.42263755814490944,0.9315352845899237,0.5088977264450143
40.68519814,-2.399784122,10,Tree Cover,2335.0,0.9079999923706055,0.9747142898184913,1.0,2175.1809779870755,0.7541432413101347,0.9315550226925378,0.17741178138240304,2120.1799821853638,0.735074193875023,0.9079999923706055,0.17292579849558243
37.87514961,1.857379033,30,Grassland,1507.40002441406,0.6119999885559082,0.8133714243769645,0.9639999866485596,1134.2036000308588,0.3905838334821227,0.752423763872323,0.36183993039020035,956.9800938461029,0.32955366532986036,0.634854768705533,0.3053011033756726
38.85833411,-3.24876012,30,Grassland,932.150024414062,0.9139999747276306,0.8133714243769645,0.9639999866485596,1047.4736058122846,0.35645758735274347,1.123717833372062,0.7672602460193186,883.8019819054382,0.30075977133885207,0.9481327669985153,0.6473729956596633
37.74353027,2.515061053,30,Grassland,1344.94995117188,0.04399999976158142,0.8133714243769645,0.9639999866485596,72.75617971977728,0.02499702398175453,0.054095826879196104,0.029098802897441576,61.38775762501727,0.021091146558943993,0.04564315391180837,0.024552007352864377
37.15718079,-1.294611931,30,Grassland,1680.59997558594,0.9300000071525574,0.8133714243769645,0.9639999866485596,1921.5796651729243,0.6630360676072746,1.143389083117752,0.4803530155104772,1621.3257375130145,0.5594342304899202,0.9647303112376522,0.4052960807477318
37.32028645,0.98059115,30,Grassland,2273.80004882812,0.8320000171661377,0.8133714243769645,0.9639999866485596,2325.8767433420276,0.8061237367022372,1.0229029349087873,0.21677919820655,1962.4499023432506,0.6801639222269169,0.8630705691798475,0.18290664695293057
37.15409841,0.298478892,30,Grassland,888.599975585938,0.9660000205039978,0.8133714243769645,0.9639999866485596,1055.3451583246676,0.35858519247173587,1.1876493217645867,0.8290641292928509,890.4435752329589,0.302554930291253,1.0020747239451646,0.6995197936539117
36.885,0.968333,10,Tree Cover,883.650024414062,0.9279999732971191,0.9747142898184913,1.0,841.3000687749756,0.2858042738252151,0.9520738363956158,0.6662695625704007,820.0271990602482,0.27857750978863416,0.9279999732971191,0.649422463508485
36.3907625,-1.0576584,30,Grassland,1525.75,0.7059999704360962,0.8133714243769645,0.9639999866485596,1324.3389460331532,0.4561653761295743,0.8679920996448652,0.411826723515291,1117.4060890164467,0.38488784945308385,0.7323651247035534,0.3474772752504696
36.03379531,1.001810037,20,Shrubland,1187.84997558594,0.871999979019165,0.7828648663251787,0.953600001335144,1323.0957197645052,0.4532870986474382,1.1138575973046188,0.6605704986571804,1086.2050674691855,0.372129345000743,0.9144295069193268,0.5423001619185837
37.843675,1.129136167,20,Shrubland,100.900001525879,0.8080000281333923,0.7828648663251787,0.953600001335144,104.1395617282761,0.02629755807535415,1.0321066417582383,1.0058090836828841,85.49413166676027,0.021589171831497583,0.8473154645575757,0.8257262927260781
36.21354032,-0.87246073,10,Tree Cover,1055.94995117188,0.9319999814033508,0.9747142898184913,1.0,1009.6757020340045,0.3448561636078742,0.9561776113664091,0.611321447758535,984.1453348550614,0.3361362306005785,0.9319999814033508,0.5958637508027724
36.64905833,-1.923244444,20,Shrubland,1143.55004882812,0.8539999723434448,0.7828648663251787,0.953600001335144,1247.4588553919245,0.42697015629651947,1.0908651148852537,0.6638949585887342,1024.110432786519,0.35052425950704175,0.895553661019035,0.5450294015119932
36.5695917,0.6640183,30,Grassland,964.0,0.9440000057220459,0.8133714243769645,0.9639999866485596,1118.819739964576,0.38113069943738936,1.160601390004747,0.7794706905673574,944.0000187964857,0.32157761843226407,0.9792531315316242,0.65767551309936
35.28144089,-1.33755698,30,Grassland,1210.80004882812,0.9380000233650208,0.8133714243769645,0.9639999866485596,1396.324532744809,0.4785962836300539,1.1532247079905968,0.674628424360543,1178.1436616401033,0.4038138447190821,0.9730290833572205,0.5692152386381385
35.976825,-0.158877833,40,Cropland,1414.94995117188,0.9079999923706055,0.9077499955892563,0.949999988079071,1415.3396321801774,0.48678887683649785,1.0002754026797729,0.5134865258432751,1352.3942747270019,0.4651395856275009,0.9557894776468462,0.49064989201934534
36.0023225,-0.4253584,40,Cropland,1402.59997558594,0.9200000166893005,0.9077499955892563,0.949999988079071,1421.5279616827022,0.48882941841103983,1.0134949282947583,0.5246655098837185,1358.3073864629087,0.46708937681543095,0.9684210823513468,0.5013317055359159
36.55273106,0.277924044,40,Cropland,1372.90002441406,0.9240000247955322,0.9077499955892563,0.949999988079071,1397.4769074792516,0.48034476078251764,1.0179014368330868,0.5375566760505692,1335.3259710723203,0.45898206310857403,0.972631617252847,0.513649554144273
37.71759,-0.47433,10,Tree Cover,1917.59997558594,0.8320000171661377,0.9747142898184913,1.0,1636.8316636687316,0.5659800679549837,0.8535834817001303,0.28760341374514664,1595.4432126052873,0.5516688599881634,0.8320000171661377,0.2803311571779743
37.4623039,-0.7171197,40,Cropland,1894.25,0.8799999952316284,0.9077499955892563,0.949999988079071,1836.3426043152285,0.6348492814694106,0.9694299085734346,0.334580627104024,1754.6736967208974,0.6066151996685438,0.926315796078077,0.31970059640953313
38.65829858,-2.754157101,20,Shrubland,47.7000007629395,0.8500000238418579,0.7828648663251787,0.953600001335144,51.7905497229378,0.007392445213219499,1.0857557420245671,1.0783632968113477,42.51782899432445,0.006068881738213568,0.8913590841566329,0.8852902024184194
39.01822,-3.183175,30,Grassland,1467.90002441406,0.5640000104904175,0.8133714243769645,0.9639999866485596,1017.8567925503098,0.35033720654282235,0.6934101611971881,0.34307295465436577,858.812905222825,0.29559572266038475,0.5850622596492131,0.2894665369888283
35.82122421,-1.956080318,20,Shrubland,891.200012207031,0.9359999895095825,0.7828648663251787,0.953600001335144,1065.526424748552,0.3620793291604913,1.1956086289875678,0.8335292998270766,874.7516788053706,0.2972516623589184,0.9815436117859485,0.68429194942703
34.98892423,-0.766627511,10,Tree Cover,2467.35009765625,0.878000020980835,0.9747142898184913,1.0,2222.531730721483,0.7710670232226489,0.9007768021379207,0.12970977891527175,2166.3334375092527,0.7515700459429223,0.878000020980835,0.12642997503791262
39.30265974,-3.285126711,20,Shrubland,824.25,0.8460000157356262,0.7828648663251787,0.953600001335144,890.7227070277617,0.30187251373435475,1.0806462930273115,0.7787737792929569,731.2452936176302,0.24782443873847523,0.8871644447893603,0.639340006050885
37.46674,2.612254,30,Grassland,174.199996948242,0.11400000005960464,0.8133714243769645,0.9639999866485596,24.415413508895256,0.007176710732896855,0.1401573704742918,0.13298065974139495,20.600414872954282,0.006055323145233455,0.11825726311048698,0.11220193996525353
37.53624444,0.959136773,20,Shrubland,880.900024414062,0.8460000157356262,0.7828648663251787,0.953600001335144,951.9413459107245,0.323357638750491,1.0806462930273115,0.7572886542768207,781.5031810742353,0.265462808600249,0.8871644447893603,0.6217016361891112
38.6719444,-0.8797222,30,Grassland,1257.94995117188,0.8500000238418579,0.8133714243769645,0.9639999866485596,1314.5992795444026,0.4509887829170598,1.0450330542322046,0.5940442713151449,1109.1882814286548,0.3805201180703052,0.8817427755336038,0.5012226574632985
38.47005,-3.1024695,20,Shrubland,1924.0,0.8840000033378601,0.7828648663251787,0.953600001335144,2172.553756826245,0.7512583109326908,1.129185944296385,0.3779276333636942,1783.5738297406826,0.6167509819007436,0.9270134250211448,0.3102624431204012
36.40185358,-1.789910729,30,Grassland,691.200012207031,0.6620000004768372,0.8133714243769645,0.9639999866485596,562.5651389967903,0.18935262161845762,0.8138963094061529,0.6245436877876953,474.6622559627274,0.15976557436557864,0.6867220017070177,0.5269564273414391
38.0208151,-0.5036955,10,Tree Cover,1419.40002441406,0.5659999847412109,0.9747142898184913,1.0,824.221416010671,0.2834990843480746,0.5806829659249275,0.297183881576853,803.3803921600324,0.2763306086645261,0.5659999847412109,0.28966937607668486
35.45821667,-1.360183333,10,Tree Cover,702.900024414062,0.9100000262260437,0.9747142898184913,1.0,656.2323414486875,0.22103682845373246,0.9336069407533786,0.7125701122996461,639.6390406510832,0.21544775527001153,0.9100000262260437,0.6945522709560321
37.99515338,-0.771858765,20,Shrubland,1424.84997558594,0.8479999899864197,0.7828648663251787,0.953600001335144,1543.3988891349059,0.5309085769330412,1.083200979457655,0.5522924025246139,1267.0645588688274,0.4358532629295818,0.8892617332205612,0.4534084702909794
36.718775,1.089125,20,Shrubland,1985.90002441406,0.9039999842643738,0.7828648663251787,0.953600001335144,2293.18451758855,0.7933408139529806,1.1547331131460932,0.3613922991931128,1882.6065313626036,0.6512989192491934,0.9479865593526376,0.29668764010344434
36.27913449,0.028408447,10,Tree Cover,1805.84997558594,0.8199999928474426,0.9747142898184913,1.0,1519.2113037962902,0.5248226273546032,0.8412721567877505,0.3164495294331473,1480.7969670640252,0.5115521145026167,0.8199999928474426,0.30844787834482595
35.76099014,-1.155596137,30,Grassland,2202.05004882812,0.9480000138282776,0.8133714243769645,0.9639999866485596,2566.5316166456887,0.8891668311229375,1.1655192024411694,0.27635237131823187,2165.501561879857,0.7502312260953143,0.9834025175914084,0.23317129149609406
38.23989,-2.11412,20,Shrubland,1673.90002441406,0.843999981880188,0.7828648663251787,0.953600001335144,1804.6174391582542,0.6226358678288009,1.0780915304603995,0.4554556626315986,1481.513830009101,0.5111574504557331,0.8850670938532885,0.3739096433975555
38.69663966,-2.931512385,30,Grassland,92.4499969482422,0.5659999847412109,0.8133714243769645,0.9639999866485596,64.33308977151721,0.01566673039447398,0.6958690307749157,0.6802023003804418,54.280806625266635,0.013218745843124982,0.5871369217638326,0.5739181759207076
35.057287,-1.1872597,10,Tree Cover,1237.05004882812,0.6800000071525574,0.9747142898184913,1.0,863.0160148855907,0.2959526988654646,0.6976403385644271,0.4016876396989625,841.194042051193,0.28846932469451714,0.6800000071525574,0.39153068245804024
36.46097333,-0.199171666,30,Grassland,1548.19995117188,0.8700000047683716,0.8133714243769645,0.9639999866485596,1655.9887949514184,0.5705576876235018,1.0696220431333496,0.4990643555098479,1397.234422776992,0.4814059393143335,0.9024896440019796,0.42108370468764605
35.32613333,-1.707171667,10,Tree Cover,1232.34997558594,0.9179999828338623,0.9747142898184913,1.0,1160.644989255129,0.3979825855649286,0.9418144295440768,0.5438318439791481,1131.2972564332035,0.3879193132490463,0.9179999828338623,0.5300806695848159
35.22388667,0.102655,10,Tree Cover,2366.10009765625,0.9980000257492065,0.9747142898184913,1.0,2422.6257715231254,0.8400687076606607,1.0238898066581659,0.18382109899750526,2361.3679583861376,0.8188269737861986,0.9980000257492065,0.17917305196300792
37.28933667,0.108372167,30,Grassland,1188.44995117188,0.878000020980835,0.8133714243769645,0.9639999866485596,1282.8814128340732,0.43951525935358854,1.0794576680061945,0.639942408652606,1082.4264486675675,0.3708393749865966,0.9107884161215479,0.5399490411349513
38.04736722,0.384341576,20,Shrubland,1548.15002441406,0.9200000166893005,0.7828648663251787,0.953600001335144,1819.3408716682213,0.6268389620695191,1.175170909135115,0.548331947065596,1493.6011391613922,0.5146080112844925,0.9647651168217284,0.4501571055372359
37.7135,1.056002833,20,Shrubland,1459.59997558594,0.9539999961853027,0.7828648663251787,0.953600001335144,1778.6701524585585,0.6121339257188987,1.2186011114069328,0.6064671856880343,1460.2122160145354,0.5025358045931992,1.0004194576862402,0.497883653093041
36.89540862,-0.300514813,40,Cropland,1986.55004882812,0.9020000100135803,0.9077499955892563,0.949999988079071,1973.9665906274893,0.6829087051493776,0.9936656727032608,0.3107569675538831,1886.1770383372896,0.6525372440695394,0.949473706665462,0.29693646259592266
38.11483193,-2.754346598,30,Grassland,771.5,0.8560000061988831,0.8133714243769645,0.9639999866485596,811.9341115140626,0.27450153311407094,1.0524097362463547,0.7779082031322838,685.0664044907278,0.2316096536047457,0.8879668237080075,0.6563571701032618
38.174845,-3.158027,20,Shrubland,184.350006103516,0.8539999723434448,0.7828648663251787,0.953600001335144,201.1009905872092,0.0597432798557372,1.0908651148852537,1.0311218350295164,165.09532287488517,0.04904668071791638,0.895553661019035,0.8465069803011185
36.81440984,0.578264206,30,Grassland,798.849975585938,0.9739999771118164,0.8133714243769645,0.9639999866485596,956.6107618453416,0.323835952838542,1.1974848733564645,0.8736489205179224,807.1367932706613,0.27323538783489876,1.010373434234188,0.7371380463992891
35.89317,0.887836667,20,Shrubland,1084.44995117188,0.8980000019073486,0.7828648663251787,0.953600001335144,1243.9388968775997,0.4251765795286914,1.1470689777184946,0.7218923981898032,1021.2206972077346,0.3490518095965723,0.9416946315541639,0.5926428219575917
35.822658,-0.368343,30,Grassland,2090.80004882812,0.8679999709129333,0.8133714243769645,0.9639999866485596,2231.224662161816,0.7724653068541755,1.0671631002746547,0.2946977934204792,1882.5875588203562,0.6517647464935351,0.9004149200568149,0.24865017356327968
36.936223,2.650571,20,Shrubland,939.900024414062,0.8920000195503235,0.7828648663251787,0.953600001335144,1070.9266390867135,0.3645327945812088,1.1394048422908958,0.774872047709687,879.1850240969528,0.2992658526650575,0.9354027037556902,0.6361368510906327
37.51578241,-2.852305061,40,Cropland,1274.90002441406,0.972000002861023,0.9077499955892563,0.949999988079071,1365.1366933618865,0.46846953948264175,1.0707794079691066,0.6023098684864647,1304.4240451872956,0.44763497656346707,1.023157910587385,0.5755229340239179
36.536495,-1.165838833,30,Grassland,1775.40002441406,0.9319999814033508,0.8133714243769645,0.9639999866485596,2034.338483190355,0.7025851703297555,1.1458479526954795,0.4432627823657241,1716.4655732932576,0.592803639680527,0.9668049733522717,0.37400133367174476
37.1846351,1.5413406,20,Shrubland,1095.09997558594,0.8080000281333923,0.7828648663251787,0.953600001335144,1130.2599581915333,0.3864219483246747,1.0321066417582383,0.6456846934335636,927.8951445505905,0.31723591285314173,0.8473154645575757,0.530079551704434
35.5705011749,-0.8735691558,30,Grassland,1639.65002441406,0.8999999761581421,0.8133714243769645,0.9639999866485596,1814.2818135155326,0.6257454396935263,1.1065055264850672,0.4807600867915408,1530.7935719073134,0.5279704010685464,0.9336099467045432,0.40563954563599675
37.2004249722,-0.4212277778,10,Tree Cover,1697.59997558594,0.9779999852180481,0.9747142898184913,1.0,1703.322469334451,0.5878277957030495,1.0033709318041995,0.41554313610114985,1660.2527510292082,0.5729641524242671,0.9779999852180481,0.4050358327937809
35.9755648565,0.6983520822,20,Shrubland,987.75,0.8299999833106995,0.7828648663251787,0.953600001335144,1047.2209429495708,0.35699969392427905,1.06020849703829,0.7032088031140109,859.7236602005962,0.2930814988159128,0.8703858873202694,0.5773043885043567
34.7,1.133333,10,Tree Cover,674.299987792969,0.9800000190734863,0.9747142898184913,1.0,677.9566153907688,0.2279478377852091,1.0054228498650404,0.7774750120798312,660.8140008983612,0.22218401482247074,0.9800000190734863,0.7578160042510156
37.3029466,1.2221209,10,Tree Cover,785.700012207031,0.9100000262260437,0.9747142898184913,1.0,733.5349847464985,0.24816675139283048,0.9336069407533786,0.6854401893605482,714.9870317142011,0.24189167884042484,0.9100000262260437,0.6681083473856189
37.35495898,-0.6933259,40,Cropland,2519.35009765625,0.8539999723434448,0.9077499955892563,0.949999988079071,2370.1734223917597,0.8224855537953402,0.94078763590528,0.11830208210993985,2264.763095494708,0.7859065970512461,0.898947350589192,0.11304075353794582
37.5501163935,0.41030213,20,Shrubland,913.099975585938,0.6740000247955322,0.7828648663251787,0.953600001335144,786.1246974520518,0.2673452224110617,0.8609404429647411,0.5935952205536794,645.3747958515664,0.2194790074585517,0.7067953270258586,0.4873163195673068
38.2671605051,2.1717472166,20,Shrubland,102.099998474121,0.019999999552965164,0.7828648663251787,0.953600001335144,2.608368329805694,0.0006616887576571303,0.025547192642386075,0.024885503884728946,2.1413589775389488,0.0005432182047890608,0.020973153864264873,0.020429935659475814
39.0819049627,-3.7452908816,20,Shrubland,2766.89990234375,0.9319999814033508,0.7828648663251787,0.953600001335144,3293.99206485551,1.1442262445252187,1.1904991799903124,0.04627293546509377,2704.226776340998,0.9393608690350405,0.9773489724186758,0.03798810338363535
36.6942887199,0.2791879435,30,Grassland,836.450012207031,0.8999999761581421,0.8133714243769645,0.9639999866485596,925.5365611355817,0.3138338519271595,1.1065055264850672,0.7926716745579075,780.9180513176208,0.2647961521733539,0.9336099467045432,0.6688137945311893
37.7645359933,-0.900628915,20,Shrubland,1998.90002441406,0.8859999775886536,0.7828648663251787,0.953600001335144,2262.2363743900405,0.7827077021928035,1.1317406307267284,0.3490329285339248,1857.1994278032587,0.6425695887069358,0.9291107134523459,0.28654112474541005
40.0251148108,-3.1115755059,90,Herbaceous Wetland,846.900024414062,0.7639999985694885,0.8902518535929698,1.0,726.7961474379263,0.24655081388535852,0.8581841144009518,0.6116333005155933,647.0316174408432,0.21949231906629574,0.7639999985694885,0.5445076795031928
39.781036377,-3.9075143471,20,Shrubland,2877.64990234375,0.9440000057220459,0.7828648663251787,0.953600001335144,3469.9494652633844,1.2058275269820788,1.2058275269820788,0.0,2848.6802857331654,0.9899328905204938,0.9899328905204938,0.0
37.8793977586,-0.3123188795,10,Tree Cover,1738.05004882812,0.906000018119812,0.9747142898184913,1.0,1615.5230226743145,0.5577476048340266,0.9295031657825853,0.3717555609485587,1574.6733757314169,0.5436445605437628,0.906000018119812,0.36235545757604926
39.6413722222,-2.9843305556,20,Shrubland,266.549987792969,0.7799999713897705,0.7828648663251787,0.953600001335144,265.57454778677,0.08330956902579734,0.9963404987774503,0.9130309297516529,218.02535922961852,0.06839359744932233,0.8179529889866668,0.7495593915373444
34.91477,-0.5935583333,30,Grassland,2587.0,0.8320000171661377,0.8133714243769645,0.9639999866485596,2646.2498926090325,0.9185610154364836,1.0229029349087873,0.10434191947230359,2232.7635624682653,0.775032460425854,0.8630705691798475,0.08803810875399343
34.9930027778,-0.3991777778,10,Tree Cover,1676.59997558594,0.7080000042915344,0.9747142898184913,1.0,1217.8263951902031,0.4201906606017245,0.7263667022090917,0.3061760416073673,1187.032789910032,0.4095658413367726,0.7080000042915344,0.29843416295476183
34.053405,0.3030783333,30,Grassland,2107.60009765625,0.9399999976158142,0.8133714243769645,0.9639999866485596,2435.718820942725,0.8433548206765398,1.1556835775683245,0.3123287568917847,2055.128749181425,0.711577511669545,0.97510374547184,0.263526233802295
34.1980387505,-0.7165936942,10,Tree Cover,1167.34997558594,0.8759999871253967,0.9747142898184913,1.0,1049.1264714858557,0.3592723227273701,0.8987248840770797,0.5394525613497096,1022.5985635841156,0.35018786689864834,0.8759999871253967,0.5258121202267484
34.8801269107798,0.301861740695741,10,Tree Cover,98.1500015258789,0.9959999918937683,0.9747142898184913,1.0,100.29339032502834,0.02504970652411024,1.0218378885973252,0.9967881820732148,97.75740072414874,0.02441630690480974,0.9959999918937683,0.9715836849889586
34.8856200748423,0.312847910731405,10,Tree Cover,113.75,0.9980000257492065,0.9747142898184913,1.0,116.46746550736637,0.0307057356012026,1.0238898066581659,0.9931840710569633,113.52250292897224,0.029929319269880555,0.9980000257492065,0.9680707064793259
34.9020995670298,0.24967728835885,10,Tree Cover,1090.15002441406,0.9980000257492065,0.9747142898184913,1.0,1116.1934977257067,0.3815668324178217,1.0238898066581659,0.6423229742403442,1087.96975243573,0.37191864407842834,0.9980000257492065,0.6260813816707782
34.8911132389048,0.238691060023364,10,Tree Cover,1487.05004882812,0.9779999852180481,0.9747142898184913,1.0,1492.062793132151,0.5136846811729738,1.0033709318041995,0.4896862506312256,1454.334925772399,0.5006957992001533,0.9779999852180481,0.4773041860178948
34.8993529849986,0.20847888806505,10,Tree Cover,1064.34997558594,0.9919999837875366,0.9747142898184913,1.0,1083.2252789913773,0.3700575360023569,1.0177341136265317,0.6476765776241749,1055.8351585255175,0.3607003683965181,0.9919999837875366,0.6312996153910185
34.8863067203501,0.20847888806505,10,Tree Cover,1098.90002441406,0.9779999852180481,0.9747142898184913,1.0,1102.6043414559929,0.37700141484210803,1.0033709318041995,0.6263695169620914,1074.7242076330633,0.36746866632839176,0.9779999852180481,0.6105313188896564
34.8691405826548,0.257230315038888,10,Tree Cover,210.399993896484,1.0,0.9747142898184913,1.0,215.85811975288075,0.06556722684459967,1.0259416635681184,0.9603744367235187,210.399993896484,0.0639093129492019,1.0,0.9360906870507981
34.9117126041392,0.287442375745114,10,Tree Cover,221.5,0.9900000095367432,0.9747142898184913,1.0,224.97361986272233,0.06886827502603135,1.0156822567165793,0.946813981690548,219.2850021123886,0.06712689178302268,0.9900000095367432,0.9228731177537205
34.8560943180064,0.310101369285055,10,Tree Cover,130.699996948242,1.0,0.9747142898184913,1.0,134.09057229742737,0.03687031343066586,1.0259416635681184,0.9890713501374525,130.699996948242,0.035938021370956655,1.0,0.9640619786290433
34.8334350162486,0.310788004713689,10,Tree Cover,248.399993896484,0.9959999918937683,0.9747142898184913,1.0,253.82452529077165,0.07893257110256936,1.0218378885973252,0.9429053174947557,247.40639190731017,0.07693670498578846,0.9959999918937683,0.9190632869079799
34.8780669742564,0.275769543122721,10,Tree Cover,137.25,1.0,0.9747142898184913,1.0,140.81049332472423,0.039228718419807435,1.0259416635681184,0.9867129451483109,137.25,0.03823679241505217,1.0,0.9617632075849478
34.9007262760142,0.291562196200073,10,Tree Cover,157.75,1.0,0.9747142898184913,1.0,161.84229742787068,0.04660998250401666,1.0259416635681184,0.9793316810641017,157.75,0.0454314159948549,1.0,0.9545685840051451
34.9329986148814,0.27508290554846,10,Tree Cover,836.700012207031,1.0,0.9747142898184913,1.0,858.4054024311464,0.29107385275168346,1.0259416635681184,0.7348678108164349,836.700012207031,0.28371384366958924,1.0,0.7162861563304108
34.9329986148814,0.238691060023364,10,Tree Cover,308.799987792969,1.0,0.9747142898184913,1.0,316.81077318613325,0.10099729225116216,1.0259416635681184,0.9249443713169563,308.799987792969,0.09844350399018215,1.0,0.9015564960098179
34.9295653873423,0.220151780017141,10,Tree Cover,1001.65002441406,1.0,0.9747142898184913,1.0,1027.6344923604072,0.35046602840015245,1.0259416635681184,0.6754756351679659,1001.65002441406,0.3416042459775618,1.0,0.6583957540224382
34.9075927310923,0.171400235032664,10,Tree Cover,1811.69995117188,0.9959999918937683,0.9747142898184913,1.0,1851.2636528773508,0.6395654108408082,1.0218378885973252,0.38227247775651685,1804.453136681133,0.62339354522017,0.9959999918937683,0.3726064466735983
34.8808135562876,0.167967022550022,10,Tree Cover,1016.45001220703,0.9819999933242798,0.9747142898184913,1.0,1024.0476779997152,0.34939062537780186,1.0074747067749927,0.6580840813971909,998.1539052017675,0.3405560352843627,0.9819999933242798,0.6414439580399172
34.8629607730845,0.192686138212071,10,Tree Cover,1619.90002441406,0.9959999918937683,0.9747142898184913,1.0,1655.2752206860184,0.5707818500792313,1.0218378885973252,0.4510560385180938,1613.4204111851188,0.5563492256412625,0.9959999918937683,0.4396507662525058
34.8725738101939,0.161787238569763,10,Tree Cover,1041.05004882812,0.8980000019073486,0.9747142898184913,1.0,959.1148458564045,0.32745791579113787,0.9212956158409987,0.5938377000498609,934.8629458332971,0.31917790983580224,0.8980000019073486,0.5788220920715464
34.8773803287486,0.233197942539435,10,Tree Cover,385.649993896484,0.9980000257492065,0.9747142898184913,1.0,394.86309768839385,0.1284107004696761,1.0238898066581659,0.8954791061884898,384.87870383887235,0.12516374471339534,0.9980000257492065,0.8728362810358112
34.8615874820689,0.251737205161968,10,Tree Cover,259.899993896484,0.9980000257492065,0.9747142898184913,1.0,266.10895450112946,0.08322350073443763,1.0238898066581659,0.9406663059237284,259.38020060090963,0.08111913541457606,0.9980000257492065,0.9168808903346305
34.8677672916392,0.227704822912003,10,Tree Cover,838.549987792969,1.0,0.9747142898184913,1.0,860.3033694613439,0.2917399580370077,1.0259416635681184,0.7342017055311106,838.549987792969,0.2843631060097184,1.0,0.7156368939902815
34.8739471012095,0.213285374062071,10,Tree Cover,368.100006103516,1.0,0.9747142898184913,1.0,377.6491326212757,0.12234895543889826,1.0259416635681184,0.9035927081292201,368.100006103516,0.11925527521065996,1.0,0.8807447247893401
34.8773803287486,0.202299118203515,10,Tree Cover,228.550003051758,0.9980000257492065,0.9747142898184913,1.0,234.01001843638775,0.07195814647600003,1.0238898066581659,0.9519316601821658,228.09290893063573,0.07013863363900934,0.9980000257492065,0.9278613921101971
34.912399249647,0.201612476961196,10,Tree Cover,303.850006103516,1.0,0.9747142898184913,1.0,311.73238073702413,0.09921499361399863,1.0259416635681184,0.9267266699541197,303.850006103516,0.09670627203981483,1.0,0.9032937279601851
34.8931731754283,0.195432704489215,10,Tree Cover,1091.0,1.0,0.9747142898184913,1.0,1119.302354952817,0.3826375291668583,1.0259416635681184,0.64330413440126,1091.0,0.3729622674997765,1.0,0.6270377325002234
34.8382415348033,0.309414733811881,10,Tree Cover,193.050003051758,1.0,0.9747142898184913,1.0,198.05804128275093,0.059320160294183355,1.0259416635681184,0.966621503273935,193.050003051758,0.05782020791306399,1.0,0.942179792086936
34.8636474185923,0.294308742333886,10,Tree Cover,170.300003051758,1.0,0.9747142898184913,1.0,174.71786843657625,0.05112875746902434,1.0259416635681184,0.9748129060990941,170.300003051758,0.04983593052572194,1.0,0.9501640694742781
34.8622741275767,0.329327144091878,10,Tree Cover,255.0,0.9900000095367432,0.9747142898184913,1.0,258.99897546272774,0.08080972018266411,1.0156822567165793,0.9348725365339152,252.4500024318695,0.07876638901827644,0.9900000095367432,0.9112336205184667
34.9027862125376,0.313191228361781,10,Tree Cover,189.699996948242,1.0,0.9747142898184913,1.0,194.62113044794637,0.058113951526682646,1.0259416635681184,0.9678277120414357,189.699996948242,0.0566444989908767,1.0,0.9433555010091232
34.8993529849986,0.329327144091878,10,Tree Cover,790.099975585938,0.8700000047683716,0.9747142898184913,1.0,705.2189443690824,0.23863662180328662,0.8925692521963341,0.6539326303930475,687.3869825272562,0.2326025253456744,0.8700000047683716,0.6373974794226972
34.8890533023814,0.334820215891948,10,Tree Cover,810.5,0.9959999918937683,0.9747142898184913,1.0,828.1996087081319,0.2805136695808961,1.0218378885973252,0.741324219016429,807.2579934298992,0.27342068222992205,0.9959999918937683,0.7225793096638463
34.8670806461314,0.325893972676456,10,Tree Cover,237.699996948242,1.0,0.9747142898184913,1.0,243.86633029921603,0.07539691133361155,1.0259416635681184,0.9505447522345069,237.699996948242,0.07349044688504894,1.0,0.9265095531149511
34.85025783119,0.337566750641055,10,Tree Cover,288.850006103516,1.0,0.9747142898184913,1.0,296.34325578350234,0.09381406867433335,1.0259416635681184,0.932127594893785,288.850006103516,0.09144191332288601,1.0,0.908558086677114
34.8907699161509,0.286069101928811,10,Tree Cover,133.75,1.0,0.9747142898184913,1.0,137.21969750223582,0.0379685026005522,1.0259416635681184,0.9879731609675662,133.75,0.03700844204776878,1.0,0.9629915579522312
34.9075927310923,0.275769543122721,10,Tree Cover,245.25,1.0,0.9747142898184913,1.0,251.61219299008104,0.07811537798539747,1.0259416635681184,0.9478262855827209,245.25,0.0761401751769397,1.0,0.9238598248230603
34.8986663394908,0.272679673728047,10,Tree Cover,183.949996948242,0.9980000257492065,0.9747142898184913,1.0,188.3445268101057,0.05593151121562282,1.0238898066581659,0.9679582954425431,183.58210169091197,0.05451724323301078,0.9980000257492065,0.9434827825161958
34.9302520328501,0.292248832796581,10,Tree Cover,368.0,1.0,0.9747142898184913,1.0,377.54653219306755,0.1223129470749917,1.0259416635681184,0.9036287164931266,368.0,0.11922017734380724,1.0,0.8807798226561927
34.9817504459361,0.351986045201032,10,Tree Cover,1009.70001220703,0.9980000257492065,0.9747142898184913,1.0,1033.8215502814037,0.35265780044723366,1.0238898066581659,0.6712320062109323,1007.6806381815901,0.3437405975118766,0.9980000257492065,0.65425942823733
34.9858703189829,0.296368651490759,10,Tree Cover,686.700012207031,1.0,0.9747142898184913,1.0,704.5141528959286,0.2370646033550306,1.0259416635681184,0.7888770602130878,686.700012207031,0.23107025650030097,1.0,0.768929743499699
34.9776305728892,0.341686551308345,10,Tree Cover,946.549987792969,1.0,0.9747142898184913,1.0,971.1050691267008,0.33062661760259776,1.0259416635681184,0.6953150459655205,946.549987792969,0.32226648877160596,1.0,0.677733511228394
34.9741973453501,0.325893972676456,10,Tree Cover,722.799987792969,1.0,0.9747142898184913,1.0,741.5506219033342,0.25006282058592394,1.0259416635681184,0.7758788429821944,722.799987792969,0.24373980457741765,1.0,0.7562601954225824
34.989303546522,0.26066350751453,10,Tree Cover,696.0,0.9980000257492065,0.9747142898184913,1.0,712.6273054340835,0.23993235226794296,1.0238898066581659,0.7839574543902229,694.6080179214478,0.2338654923453281,0.9980000257492065,0.7641345334038784
34.9769439273814,0.275769543122721,10,Tree Cover,1056.90002441406,0.9980000257492065,0.9747142898184913,1.0,1082.1491616543228,0.369618725927192,1.0238898066581659,0.6542710807309738,1054.786251579569,0.36027265394573854,0.9980000257492065,0.637727371803468
35.0099029117564,0.303235012565417,10,Tree Cover,1601.75,0.9980000257492065,0.9747142898184913,1.0,1640.0154978147173,0.5654059599036666,1.0238898066581659,0.4584838467544993,1598.5465412437916,0.5511092686666448,0.9980000257492065,0.4468907570825618
35.0050963932017,0.235944501552485,10,Tree Cover,751.549987792969,1.0,0.9747142898184913,1.0,771.0464447309176,0.2604145933869491,1.0259416635681184,0.7655270701811693,751.549987792969,0.25382982545153127,1.0,0.7461701745484688
35.000289874647,0.227018182810371,10,Tree Cover,756.700012207031,1.0,0.9747142898184913,1.0,776.3300693456969,0.2622689197401352,1.0259416635681184,0.7636727438279832,756.700012207031,0.2556372638459688,1.0,0.7443627361540313
34.9652709537486,0.259290230635888,20,Shrubland,1989.09997558594,0.9079999923706055,0.7828648663251787,0.953600001335144,2307.042812042869,0.7981537353273059,1.1598425621433488,0.36168882681604264,1893.9835991271646,0.6552501221047611,0.9521811987199102,0.2969310766151491
34.9975432926158,0.094496150963818,10,Tree Cover,757.400024414062,1.0,0.9747142898184913,1.0,777.0482410338963,0.26252096729927016,1.0259416635681184,0.7634206962688482,757.400024414062,0.2558829382035715,1.0,0.7441170617964286
35.033248859022,0.110975616602629,10,Tree Cover,645.75,0.9959999918937683,0.9747142898184913,1.0,659.8518165617227,0.22143079177678462,1.0218378885973252,0.8004070968205405,643.1669947654009,0.21583175695065485,0.9959999918937683,0.7801682349431135
35.0208892398814,0.102735884845586,10,Tree Cover,808.0,1.0,0.9747142898184913,1.0,828.9608641630397,0.28074007863850664,1.0259416635681184,0.7452015849296117,808.0,0.2736413663737194,1.0,0.7263586336262806
34.9288787418345,0.0917495725605039,10,Tree Cover,1694.30004882812,0.9959999918937683,0.9747142898184913,1.0,1731.2999845448708,0.5974632919674183,1.0218378885973252,0.42437459662990673,1687.5228348984188,0.58235600832264,0.9959999918937683,0.41364398357112825
35.011276202772,0.0931228617889094,10,Tree Cover,714.150024414062,1.0,0.9747142898184913,1.0,732.6762640845751,0.24694830038990195,1.0259416635681184,0.7789933631782164,714.150024414062,0.24070403723642675,1.0,0.7592959627635733
34.9810638004283,0.0766433877429004,10,Tree Cover,1620.0,1.0,0.9747142898184913,1.0,1662.0254949803518,0.5731101487057205,1.0259416635681184,0.4528315148623978,1620.0,0.5586186515834664,1.0,0.44138134841653365
35.0092162662486,0.0773300326308598,10,Tree Cover,1262.5,0.9980000257492065,0.9747142898184913,1.0,1292.6608809059344,0.44349933954438503,1.0238898066581659,0.5803904671137808,1259.9750325083733,0.4322851437789752,0.9980000257492065,0.5657148819702313
35.0538482242564,0.0999893071126564,10,Tree Cover,800.900024414062,0.9959999918937683,0.9747142898184913,1.0,818.3899899248113,0.27707091277078116,1.0218378885973252,0.7447669758265438,797.6964178241246,0.2700649779707331,0.9959999918937683,0.7259350139230352
35.044235187147,0.126425107327007,10,Tree Cover,810.25,0.9639999866485596,0.9747142898184913,1.0,801.3435294228078,0.27141440579469506,0.9890077499818671,0.717593344187172,781.0809891819954,0.264551499790684,0.9639999866485596,0.6994484868578755
35.007499652479,0.13088829187452,10,Tree Cover,503.350006103516,0.9580000042915344,0.9747142898184913,1.0,494.7186196450531,0.16386330964251727,0.9828521181011214,0.8189888084586041,482.20930800731225,0.15971990948551376,0.9580000042915344,0.7982800948060207
35.0147094303111,0.122648565955767,10,Tree Cover,486.149993896484,0.9959999918937683,0.9747142898184913,1.0,496.76648330478565,0.16419481206115807,1.0218378885973252,0.857643076536167,484.20538998005355,0.16004302963007233,0.9959999918937683,0.835956962263696
34.9927367740611,0.1178420579875,10,Tree Cover,743.5,1.0,0.9747142898184913,1.0,762.787626862896,0.2575161013979459,1.0259416635681184,0.7684255621701725,743.5,0.2510046238909254,1.0,0.7489953761090746
34.9793471866587,0.101362596008236,10,Tree Cover,913.549987792969,0.9980000257492065,0.9747142898184913,1.0,935.3745203739128,0.3181071017772836,1.0238898066581659,0.7057827048808824,911.7229113405704,0.31006353779506346,0.9980000257492065,0.6879364879541431
34.9419250064829,0.090376283279403,10,Tree Cover,1651.90002441406,0.9760000109672546,0.9747142898184913,1.0,1654.0790042640706,0.5705658239572255,1.001319074894247,0.43075325093702144,1612.2544419449307,0.5561386618931694,0.9760000109672546,0.41986134907408523
34.9378051334361,0.0828231913263938,10,Tree Cover,1617.90002441406,0.984000027179718,0.9747142898184913,1.0,1633.3131509685386,0.5631963791130797,1.0095266248358337,0.44633024572275376,1592.0136679975014,0.5489555586955513,0.984000027179718,0.4350444684841666
34.9281920963267,0.0793899672276921,10,Tree Cover,1668.5,0.9800000190734863,0.9747142898184913,1.0,1677.5480249998197,0.5787616878213809,1.0054228498650404,0.4266611620436593,1635.130031824112,0.5641272875189687,0.9800000190734863,0.4158727315545176
34.9364318424204,0.0800766120706403,10,Tree Cover,1062.84997558594,0.972000002861023,0.9747142898184913,1.0,1059.8902571775686,0.362071735670549,0.9972152999234537,0.6351435642529047,1033.090179310372,0.35291649469746766,0.972000002861023,0.6190835081635553
35.0243224674204,0.148741021851428,10,Tree Cover,1516.34997558594,1.0,0.9747142898184913,1.0,1555.686616504115,0.5357897485820664,1.0259416635681184,0.49015191498605193,1516.34997558594,0.5222419242811969,1.0,0.47775807571880313
35.0305022769908,0.138098049838696,10,Tree Cover,557.650024414062,0.9459999799728394,0.9747142898184913,1.0,541.2220970165448,0.18030631925886378,0.9705407931887414,0.7902344739298777,527.536911927556,0.17574714592618956,0.9459999799728394,0.7702528340466498
35.0044097476939,0.121275278051427,10,Tree Cover,653.799987792969,0.9980000257492065,0.9747142898184913,1.0,669.4191430944543,0.22476813453093608,1.0238898066581659,0.7991216721272298,652.492404652214,0.21908471262314846,0.9980000257492065,0.7789153131260581
35.0212325626353,0.0859130927613141,10,Tree Cover,946.650024414062,1.0,0.9747142898184913,1.0,971.2077008641627,0.3306626369547139,1.0259416635681184,0.6952790266134046,946.650024414062,0.3223015973488235,1.0,0.6776984026511765
35.0445785099009,0.0920928948725797,10,Tree Cover,953.700012207031,1.0,0.9747142898184913,1.0,978.4405770686162,0.3332010672810726,1.0259416635681184,0.6927405962870458,953.700012207031,0.32477584166163403,1.0,0.675224158338366
35.0315322452525,0.0804199344878016,10,Tree Cover,1100.40002441406,1.0,0.9747142898184913,1.0,1128.9462316377587,0.38602211758628224,1.0259416635681184,0.6399195459818361,1100.40002441406,0.37626127419734323,1.0,0.6237387258026568
34.5562540326273,0.947078872471723,10,Tree Cover,1037.65002441406,0.9739999771118164,0.9747142898184913,1.0,1036.8895896843521,0.3539791054824976,0.9992671568334062,0.6452880513509085,1010.6711000293702,0.34502849241095745,0.9739999771118164,0.628971484700859
36.871622684971,1.03770247484638,10,Tree Cover,805.049987792969,0.8960000276565552,0.9747142898184913,1.0,740.0371769062017,0.25059139927015306,0.9192437589310463,0.6686523596608932,721.3248113274096,0.24425501777422925,0.8960000276565552,0.651745009882326
36.8221842084085,1.07065588029591,10,Tree Cover,983.549987792969,0.9139999747276306,0.9747142898184913,1.0,922.28530285889,0.31436928510367745,0.9377106545732835,0.623341369469606,898.9646639861351,0.30642023447057776,0.9139999747276306,0.6075797402570529
36.8606363568461,1.01024104092904,10,Tree Cover,734.75,0.8840000033378601,0.9747142898184913,1.0,666.3686058952151,0.2248591575242668,0.9069324340186664,0.6820732764943995,649.5190024524927,0.21917343403544998,0.8840000033378601,0.6648265693024101
36.6848551068461,1.24090925806744,10,Tree Cover,438.399993896484,0.9879999756813049,0.9747142898184913,1.0,444.3755342799667,0.14588934690545202,1.0136303386557384,0.8677409917502864,433.1391833084104,0.14220043116103118,0.9879999756813049,0.8457995445202737
37.311075809971,1.30131919062612,10,Tree Cover,626.950012207031,0.8960000276565552,0.9747142898184913,1.0,576.3198858830565,0.19313362939617526,0.9192437589310463,0.7261101295348709,561.7472282767774,0.18825010841696066,0.8960000276565552,0.7077499192395944
37.2561441693461,1.29033567217384,10,Tree Cover,230.350006103516,0.9580000042915344,0.9747142898184913,1.0,226.3999914034469,0.06969494234264502,0.9828521181011214,0.9131571757584763,220.6753068357233,0.06793265622945194,0.9580000042915344,0.8900673480620824
37.2945963177835,1.2354173765924,10,Tree Cover,746.299987792969,0.765999972820282,0.9747142898184913,1.0,586.495731453414,0.19802958353146197,0.7858712864083736,0.5878417028769116,571.6657703651911,0.19302226487492055,0.765999972820282,0.5729777079453615
37.3275553021585,1.15852986691168,10,Tree Cover,371.399993896484,0.8460000157356262,0.9747142898184913,1.0,322.3553855347163,0.10451243467660244,0.8679466635224626,0.7634342288458602,314.2044006806369,0.10186976354300602,0.8460000157356262,0.7441302521926202
37.3934732709085,1.72414444933068,20,Shrubland,718.900024414062,0.8420000076293945,0.7828648663251787,0.953600001335144,773.2034634314307,0.26067903094530465,1.0755368440300561,0.8148578130847515,634.7670146748184,0.21400634902374557,0.8829698054220876,0.668963456398342
35.575235966221,-0.643135486483678,20,Shrubland,550.0,0.8820000290870667,0.7828648663251787,0.953600001335144,619.6471918263229,0.20627987017228663,1.1266312578660416,0.920351387693755,508.7038751244691,0.16934696178890501,0.9249161365899438,0.7555691748010388
35.454386356846,-0.51679921124119,10,Tree Cover,754.849975585938,0.9319999814033508,0.9747142898184913,1.0,721.7706465957544,0.2438137977249256,0.9561776113664091,0.7123638136414835,703.520163208414,0.23764879269740014,0.9319999814033508,0.6943511887059507
35.5038248334085,-0.676092286300061,10,Tree Cover,442.700012207031,0.9900000095367432,0.9747142898184913,1.0,449.64254744689447,0.1477174635160838,1.0156822567165793,0.8679647932004955,438.273016306877,0.14398232254486854,0.9900000095367432,0.8460176869918746
35.377482059971,-0.500320368267496,10,Tree Cover,200.5,0.9980000257492065,0.9747142898184913,1.0,205.28990623496227,0.06187861494141681,1.0238898066581659,0.9620111917167491,200.0990051627159,0.06031397021757497,0.9980000257492065,0.9376860555316315
35.487345341221,-0.6980633625723,10,Tree Cover,560.75,0.984000027179718,0.9747142898184913,1.0,566.0920548766937,0.1886474004396506,1.0095266248358337,0.820879224396183,551.7780152410269,0.18387731694563855,0.984000027179718,0.8001227102340794
35.827921513096,-0.840872711826876,10,Tree Cover,466.100006103516,0.9760000109672546,0.9747142898184913,1.0,466.71482691977553,0.15385176014579485,1.001319074894247,0.8474673147484522,454.9136110688691,0.1499615091278333,0.9760000109672546,0.8260385018394214
35.772989872471,-0.868335476679492,10,Tree Cover,494.399993896484,0.9520000219345093,0.9747142898184913,1.0,482.878736826071,0.1597691552430404,0.9766964862203756,0.8169273309773352,470.668805033874,0.1557292786876204,0.9520000219345093,0.7962707432468888
36.761759403721,-0.522292149466297,10,Tree Cover,135.0,0.9200000166893005,0.9747142898184913,1.0,127.42195692666388,0.03534509394572825,0.9438663476049176,0.9085212536591895,124.20000225305557,0.034451368143878364,0.9200000166893005,0.8855486485454223
36.7562662396585,-0.752990597079813,10,Tree Cover,263.0,0.9599999785423279,0.9747142898184913,1.0,259.0297454279124,0.08112621178412917,0.9849039750110737,0.9037777632269446,252.47999435663223,0.07907487790483197,0.9599999785423279,0.8809251006374959
36.695841434971,-0.588207019288587,20,Shrubland,59.5999984741211,0.8999999761581421,0.7828648663251787,0.953600001335144,68.51756862908425,0.012628571791597933,1.1496236641488378,1.1369950923572398,56.24999699101557,0.01036751798832331,0.9437919199853649,0.9334244019970416
36.7288004193461,-0.890305545218424,10,Tree Cover,583.549987792969,1.0,0.9747142898184913,1.0,598.6882452514737,0.1999242340626979,1.0259416635681184,0.8260174295054205,583.549987792969,0.19486900782192842,1.0,0.8051309921780716
36.6848551068461,-0.93973771585357,10,Tree Cover,483.200012207031,0.9900000095367432,0.9747142898184913,1.0,490.77767884391596,0.16215413601887868,1.0156822567165793,0.8535281206977007,478.3680166931151,0.15805395353077237,0.9900000095367432,0.8319460560059708
36.607950809971,-0.950722548956992,10,Tree Cover,2798.85009765625,0.9760000109672546,0.9747142898184913,1.0,2802.5419905528292,0.9736272328198479,1.001319074894247,0.027691842074399103,2731.6777260082017,0.9490083767859409,0.9760000109672546,0.02699163418131374
36.7809854779398,-0.615671323619665,10,Tree Cover,143.949996948242,0.984000027179718,0.9747142898184913,1.0,145.32135456428728,0.040974873505126456,1.0095266248358337,0.9685517513307071,141.64680090959044,0.03993879472895185,0.984000027179718,0.9440612324507662
36.7480264935648,-0.665106710678541,20,Shrubland,42.5499992370605,0.984000027179718,0.7828648663251787,0.953600001335144,53.48202762285323,0.006286043576862436,1.2569219408180643,1.2506358972412017,43.90646009557788,0.005160573256737155,1.0318792216883501,1.026718648431613
36.6917215619242,-0.693943793493129,10,Tree Cover,670.700012207031,0.828000009059906,0.9747142898184913,1.0,569.7460496729915,0.191519396766842,0.849479706729337,0.657960309962495,555.3396161839007,0.18667669280605825,0.828000009059906,0.6413233162538478
36.6491495404398,-0.60743204688729,20,Shrubland,236.0,0.9700000286102295,0.7828648663251787,0.953600001335144,292.41318214544526,0.09031827987530092,1.2390389073959547,1.1487206275206536,240.05873157665812,0.07414744966684145,1.017198015155331,0.9430505654884895
36.7974649701273,-0.667853106892062,10,Tree Cover,184.100006103516,0.9959999918937683,0.9747142898184913,1.0,188.12036152757145,0.05587321861954788,1.0218378885973252,0.9659646699777772,183.36360458674463,0.054460424606625916,0.9959999918937683,0.9415395672871424
35.9460245404398,-1.87602902057956,10,Tree Cover,313.399993896484,0.9779999852180481,0.9747142898184913,1.0,314.45644390334553,0.1003951978614144,1.0033709318041995,0.902975733942785,306.5051893980977,0.09785663398467545,0.9779999852180481,0.8801433512333726
35.9295450482523,-1.88700942549864,10,Tree Cover,363.600006103516,0.9879999756813049,0.9747142898184913,1.0,368.55599732193554,0.11927993088555079,1.0136303386557384,0.8943504077701877,359.23679718799616,0.11626385312270836,0.9879999756813049,0.8717361225585966
37.5335489545023,-0.316304124047456,10,Tree Cover,108.449996948242,0.972000002861023,0.9747142898184913,1.0,108.14799623343877,0.028050891159163913,0.9972152999234537,0.9691644087642898,105.41339734396915,0.02734160445498025,0.972000002861023,0.9446583984060427
37.3742471966898,-0.393206941031216,10,Tree Cover,280.0,0.9800000190734863,0.9747142898184913,1.0,281.5183979622113,0.0888149720756257,1.0054228498650404,0.9166078777894145,274.4000053405762,0.08656922243194265,0.9800000190734863,0.8934307966415437
37.1407877240335,-0.354755612427803,10,Tree Cover,1527.90002441406,0.9039999842643738,0.9747142898184913,1.0,1417.0527840369039,0.48811341594710805,0.9274512477217445,0.43933783177463637,1381.2215980278465,0.4757711215757633,0.9039999842643738,0.4282288626886105
35.2551927618207,-1.67715557044679,30,Grassland,1304.15002441406,0.9660000205039978,0.8133714243769645,0.9639999866485596,1548.8728919746275,0.5317923275841555,1.1876493217645867,0.6558569941804314,1306.855775697799,0.4486978101147593,1.0020747239451646,0.5533769138304054
34.6839036993207,-1.30374745275458,20,Shrubland,2352.25,0.9259999990463257,0.7828648663251787,0.953600001335144,2782.3237335726435,0.964728656075843,1.1828350445627138,0.21810638848687067,2284.1689332078704,0.7920010164864185,0.971057044620202,0.1790560281337835
34.9695482305707,-1.2048942048848,10,Tree Cover,385.600006103516,0.9120000004768372,0.9747142898184913,1.0,360.7900380897889,0.11732883155742418,0.935658797663331,0.8183299661059069,351.667205750275,0.11436208872672811,0.9120000004768372,0.7976379117501091
34.8157396368207,-1.248829442074,10,Tree Cover,1601.40002441406,0.7020000219345093,0.9747142898184913,1.0,1153.3460256070896,0.39762194584490546,0.720211070328346,0.32258912448344057,1124.1828522645937,0.38756779256046364,0.7020000219345093,0.31443222937404564
34.4092454961957,-0.974223184438683,40,Cropland,2121.19995117188,0.9359999895095825,0.9077499955892563,0.949999988079071,2187.2135959150046,0.7573772785749143,1.0311208967861114,0.27374361821119697,2089.9401652196157,0.7236939262240898,0.9852631592156154,0.2615692329915256
34.7827806524457,-0.930283942230844,20,Shrubland,2138.69995117188,0.8740000128746033,0.7828648663251787,0.953600001335144,2387.6710595449263,0.8268821558361263,1.1164123598715308,0.28953020403540447,1960.1759461430572,0.6788349281553925,0.9165268578553984,0.23769192970000597
34.9805345586957,-0.897329150084567,30,Grassland,2097.25,0.8640000224113464,0.8133714243769645,0.9639999866485596,2227.794083607241,0.771310163873442,1.0622453611191995,0.2909351972457576,1879.6930208493834,0.6507900988746439,0.8962655958275759,0.24547549695293203
35.5078783086957,-0.677623474983284,10,Tree Cover,425.75,0.9520000219345093,0.9747142898184913,1.0,415.8285290083249,0.13623739884322433,0.9766964862203756,0.8404590873771514,405.3140093386173,0.13279253946019196,0.9520000219345093,0.8192074824743174
34.4861497930707,-1.10603736973552,40,Cropland,1891.55004882812,0.949999988079071,0.9077499955892563,0.949999988079071,1979.5896806049495,0.6843569805718359,1.0465436438392806,0.3621866632674445,1891.55004882812,0.6539211093588504,1.0,0.3460788906411495
36.7053880743207,-1.08406872657619,30,Grassland,2295.35009765625,0.8960000276565552,0.8133714243769645,0.9639999866485596,2528.529635223957,0.8764647328711963,1.101587787329612,0.2251230544584156,2133.4375305663284,0.7395138776609919,0.9294606224753043,0.18994674481431234
37.4304857305707,-1.77598762062188,20,Shrubland,1807.0,0.9359999895095825,0.7828648663251787,0.953600001335144,2160.4647925805352,0.7463558852402326,1.1956086289875678,0.44925274374733537,1773.649306497209,0.6127262998233297,0.9815436117859485,0.36881731196261874
