index,SOS,vSOS,POS,vPOS,EOS,vEOS
2017,85,0.112029195,337,0.36570737,365,0.30330515
