index,SOS,vSOS,POS,vPOS,EOS,vEOS
2019,111,0.12545128,223,0.40961182,307,0.28704482
