index,SOS,vSOS,POS,vPOS,EOS,vEOS
2020,96,0.26561517,236,0.42386004,362,0.2880052
