longitude,latitude,landcover_class,landcover_name,HFI,D,P_lowHFI,P_q95,I_DxHFI_over_P_lowHFI,I_DxHFInorm_over_P_lowHFI,I_D_over_P_lowHFI,I_Dx1minusHFInorm_over_P_lowHFI,I_DxHFI_over_P_q95,I_DxHFInorm_over_P_q95,I_D_over_P_q95,I_Dx1minusHFInorm_over_P_q95
37.03794,0.12265,20,Shrubland,1503.25,0.8960000276565552,0.7845405420741519,0.975600004196167,1716.8163649182216,0.5911860069480552,1.1420697588014113,0.5508837518533561,1380.5986426624581,0.4754093771656247,0.9184092084899106,0.4429998313242859
37.100402,0.22812,30,Grassland,807.299987792969,0.7699999809265137,0.7201714246400766,0.9701000273227691,863.1569567110099,0.2923119002437659,1.069189854778451,0.7768779545346851,640.7802883152964,0.21700306330138774,0.7937325628693352,0.5767294995679475
36.85714312,-1.178378685,10,Tree Cover,2663.60009765625,0.906000018119812,0.9800357158694949,1.0,2462.38141902764,0.8550088245746279,0.9244561228220158,0.0694472982473879,2413.2217367404955,0.8379391854667309,0.906000018119812,0.06806083265308112
34.964947,-1.391947,30,Grassland,1665.15002441406,0.8840000033378601,0.7201714246400766,0.9701000273227691,2043.9475613403176,0.705146714192093,1.2274855306563446,0.5223388164642517,1517.36170052731,0.523478506790131,0.9112462410474069,0.38776773425727595
34.997647,-1.258503,30,Grassland,2026.44995117188,0.7820000052452087,0.7201714246400766,0.9701000273227691,2200.425923921583,0.7614706407746279,1.0858525879946328,0.3243819472200048,1633.5262630791694,0.565291599570069,0.8061024463666197,0.24081084679655065
37.036103,-0.103342,20,Shrubland,1947.5,0.9800000190734863,0.7845405420741519,0.975600004196167,2432.6977827045494,0.8413663598998282,1.249138784443928,0.4077724245440996,1956.2833424935661,0.6765949336199897,1.0045100603304575,0.3279151267104679
39.387778,-4.257222,10,Tree Cover,385.299987792969,0.9860000014305115,0.9800357158694949,1.0,387.6448402474682,0.1260542318581682,1.0060857838795447,0.8800315520213765,379.90578851504347,0.12353764935749914,0.9860000014305115,0.8624623520730124
39.54792023,-4.338908672,10,Tree Cover,2094.64990234375,0.8920000195503235,0.9800357158694949,1.0,1906.4894509319238,0.6600563911927041,0.9101709306164771,0.25011453942377293,1868.4277538417082,0.6468788378567771,0.8920000195503235,0.24512118169354633
39.297624,-3.459343,20,Shrubland,873.150024414062,0.9399999976158142,0.7845405420741519,0.975600004196167,1046.167759154365,0.3552599892593578,1.1981535015777027,0.8428935123183451,841.2884556552681,0.2856866168019733,0.9635096285083712,0.6778230117063979
34.862366,0.286879,10,Tree Cover,215.899993896484,0.9800000190734863,0.9800357158694949,1.0,215.8921299605931,0.06583717967296679,0.9999635760254136,0.9341263963524468,211.5819981365199,0.06452278751162456,0.9800000190734863,0.9154772315618617
37.231491,-2.649862,30,Grassland,503.450012207031,0.7419999837875366,0.7201714246400766,0.9701000273227691,518.7096962117706,0.1718117936474953,1.0303102267052173,0.8584984330577219,385.0735907372181,0.1275476143862793,0.7648695628174231,0.6373219484311438
35.647819,2.383763,30,Grassland,2322.0,0.33799999952316284,0.7201714246400766,0.9701000273227691,1089.7905304768587,0.37780843070135867,0.46933270046376346,0.0915242697624048,809.0258496938023,0.2804729699164322,0.34841767859336875,0.06794470867693655
35.63552856,-0.312124626,40,Cropland,1804.05004882812,0.9419999718666077,0.8892500102519989,0.9620000123977661,1911.065589710204,0.6601810622043972,1.0593196075417084,0.39913854533731125,1766.5437352815438,0.6102557263696756,0.9792099373457296,0.368954210976054
39.8784831,-3.3300563,10,Tree Cover,169.0,0.8980000019073486,0.9800357158694949,1.0,154.85354040153277,0.04524626657516674,0.9162931384706081,0.8710468718954414,151.76200032234192,0.044342957253415534,0.8980000019073486,0.8536570446539331
38.29315833,-3.414661111,10,Tree Cover,1339.09997558594,0.9819999933242798,0.9800357158694949,1.0,1341.7839225576204,0.4609567959466195,1.0020042917038408,0.5410474957572213,1314.9961670859363,0.4517541235004539,0.9819999933242798,0.5302458698238259
36.694624,-0.969423,10,Tree Cover,1065.5,1.0,0.9800357158694949,1.0,1087.2052750186565,0.37142815489948,1.0203709760850834,0.6489428211856034,1065.5,0.3640128576809975,1.0,0.6359871423190024
38.215942,-3.015984,20,Shrubland,459.5,0.7720000147819519,0.7845405420741519,0.975600004196167,452.1550994094818,0.14891377940431766,0.9840154502926699,0.8351016708883522,363.60599145813393,0.11975081663968803,0.7913079248272773,0.6715571081875893
37.73597717,0.152435123,40,Cropland,2180.30004882812,0.9240000247955322,0.8892500102519989,0.9620000123977661,2265.501575432065,0.7847739828250355,1.0390778905177473,0.2543039076927118,2094.1759596837624,0.7254264691049866,0.9604989738955204,0.23507250479053368
38.05001022,0.191316212,10,Tree Cover,1684.59997558594,0.5120000243186951,0.9800357158694949,1.0,880.0855055594014,0.3036835655098773,0.5224299645696533,0.2187463990597761,862.5152284672744,0.2976207405222732,0.5120000243186951,0.21437928379642188
38.81878344,-3.35269695,10,Tree Cover,1174.44995117188,0.9639999866485596,0.9800357158694949,1.0,1155.2331398908502,0.3956678662472656,0.9836376073225981,0.5879697410753325,1132.1697372490937,0.38776864054419447,0.9639999866485596,0.5762313461043651
37.91300458,-2.927294304,10,Tree Cover,262.700012207031,0.9279999732971191,0.9800357158694949,1.0,248.75175502863107,0.07789649335724276,0.9469042385601129,0.86900774520287,243.78560431327767,0.07634134563108876,0.9279999732971191,0.8516586276660304
36.04660416,-1.902546883,20,Shrubland,654.450012207031,0.8619999885559082,0.7845405420741519,0.975600004196167,719.0653290414081,0.24144848152463055,1.0987322417742371,0.8572837602496067,578.2450805724291,0.19416371644482486,0.8835588200577571,0.6893951036129323
38.77621333,-3.705738333,20,Shrubland,1586.5,0.8999999761581421,0.7845405420741519,0.975600004196167,1819.9823789857596,0.6273422289493077,1.1471682187114778,0.5198259897621702,1463.5608405427909,0.5044848403536223,0.9225091966862848,0.4180243563326625
36.93285942,0.046219821,30,Grassland,985.700012207031,0.9160000085830688,0.7201714246400766,0.9701000273227691,1253.7309711965017,0.4273731533394561,1.2719194031349723,0.8445462497955163,930.7300218656324,0.317268244536389,0.9442325355984138,0.6269642910620249
37.24216667,-0.9705,20,Shrubland,1748.69995117188,0.8960000276565552,0.7845405420741519,0.975600004196167,1997.137331450909,0.6895666818616729,1.1420697588014113,0.4525030769397384,1606.0221380421117,0.5545233866924543,0.9184092084899106,0.3638858217974563
34.48645861,0.079888056,10,Tree Cover,2396.94995117188,0.9440000057220459,0.9800357158694949,1.0,2308.814598266156,0.8007283281171916,0.9632302072629283,0.16250187914573672,2262.720767621712,0.7847423602633157,0.9440000057220459,0.15925764545873022
39.62808667,-4.17288,10,Tree Cover,2318.64990234375,0.9399999976158142,0.9800357158694949,1.0,2223.930074570126,0.770978027047412,0.9591487150872244,0.1881706880398124,2179.530902675033,0.7555860026570612,0.9399999976158142,0.18441399495875296
39.50276358,-4.166375473,30,Grassland,1724.05004882812,0.9739999771118164,0.7201714246400766,0.9701000273227691,2331.701384760509,0.8048947887540625,1.3524557401018749,0.5475609513478124,1730.9809924781166,0.5975283067480246,1.0040201522309098,0.40649184548288514
39.48830492,-4.466650487,10,Tree Cover,2346.85009765625,0.8339999914169312,0.9800357158694949,1.0,1997.1445219888028,0.6924602418547793,0.8509893852970453,0.15852914344226604,1957.2729613021365,0.6786357688373121,0.8339999914169312,0.15536422257961904
37.176783,1.2571383,10,Tree Cover,637.549987792969,0.9380000233650208,0.9800357158694949,1.0,610.2041933396317,0.2046495016462512,0.9571079994087973,0.752458497762546,598.0219034461736,0.20056382084821917,0.9380000233650208,0.7374362025168015
39.38049389,-3.823148555,30,Grassland,1522.90002441406,0.9100000262260437,0.7201714246400766,0.9701000273227691,1924.3183146971494,0.6628033892914441,1.2635880779091433,0.6007846886176991,1428.55275036019,0.4920441683107735,0.9380476245706474,0.44600345625987386
37.30645325,-0.354926162,10,Tree Cover,114.050003051758,1.0,0.9800357158694949,1.0,116.37331293642906,0.030707641415434236,1.0203709760850834,0.9896633346696492,114.050003051758,0.03009458533723884,1.0,0.9699054146627611
36.59846306,-0.943295659,10,Tree Cover,2839.5,0.7540000081062317,0.9800357158694949,1.0,2184.596936978107,0.7590587786396271,0.7693597242395165,0.010300945599889318,2140.983023017645,0.7439047135111114,0.7540000081062317,0.010095294595120251
36.86433267,-0.386215057,20,Shrubland,400.299987792969,0.9200000166893005,0.7845405420741519,0.975600004196167,469.4161432073579,0.15309802429293637,1.1726608981315658,1.0195628738386295,377.48666857960353,0.12311562777024217,0.9430094431450138,0.8198938153747716
36.71885267,-0.477356604,20,Shrubland,800.0,0.972000002861023,0.7845405420741519,0.975600004196167,991.1533701407141,0.3355471785247515,1.2389417126758926,0.9033945341511411,797.0479693975727,0.26983432164718213,0.996309961746966,0.7264756400997838
39.92431671,-3.207704169,10,Tree Cover,857.650024414062,0.8140000104904175,0.9800357158694949,1.0,712.3486599167152,0.24175451025411973,0.8305819852373755,0.5888274749832558,698.1271288701533,0.23692805452157537,0.8140000104904175,0.5770719559688422
35.092353,-1.572378,30,Grassland,1652.30004882812,0.9440000057220459,0.7201714246400766,0.9701000273227691,2165.833303269171,0.7470959215521561,1.310799031208206,0.5637031096560499,1607.8458010694592,0.5546202649347961,0.973095535650326,0.4184752707155298
35.3132473,0.569083269,30,Grassland,2772.94995117188,0.9819999933242798,0.7201714246400766,0.9701000273227691,3781.0953619830902,1.313459779462209,1.3635642289126628,0.05010444945045375,2806.9650106641493,0.9750707905794307,1.0122667412290993,0.0371959506496687
36.27515602,-0.463914094,20,Shrubland,2021.0,0.9039999842643738,0.7845405420741519,0.975600004196167,2328.7311110374962,0.8058406446530337,1.1522667545954954,0.34642610994246176,1872.6772861215998,0.6480265000638045,0.9266092459780306,0.27858274591422605
35.36259079,-1.491084933,10,Tree Cover,2156.94995117188,0.7580000162124634,0.9800357158694949,1.0,1668.273993981129,0.5778109618448712,0.7734412164152203,0.19563025457034908,1634.9680979577572,0.5662753796288797,0.7580000162124634,0.19172463658358357
37.46589725,0.218575141,20,Shrubland,1127.44995117188,0.7820000052452087,0.7845405420741519,0.975600004196167,1123.7989886401417,0.38450547285330805,0.9967617520157384,0.6122562791624303,903.7165477019013,0.3092047261227324,0.8015580175089559,0.4923532913862236
37.29219,1.33944,20,Shrubland,571.150024414062,0.8980000019073486,0.7845405420741519,0.975600004196167,653.7491633730423,0.21806954849140694,1.1446189887564446,0.9265494402650376,525.72029603034,0.175363264706294,0.9204592025880977,0.7450959378818037
37.2288157,-0.8869319,20,Shrubland,2389.80004882812,0.9580000042915344,0.7845405420741519,0.975600004196167,2918.1773716632983,1.012027455064897,1.2210968750688065,0.20906942000390927,2346.687625242061,0.8138341172361162,0.9819598197735414,0.16812570253742518
36.45938826,-0.110262428,40,Cropland,2301.35009765625,0.7480000257492065,0.8892500102519989,0.9620000123977661,1935.7997328748916,0.6710284867360602,0.8411582987075092,0.170129811971449,1789.407390977297,0.6202828285023944,0.7775467942924774,0.15726396579008295
35.52573395,0.604562984,20,Shrubland,2182.85009765625,0.9120000004768372,0.7845405420741519,0.975600004196167,2537.484276899491,0.8790028029795512,1.1624638263635307,0.28346102338397955,2040.5486690660937,0.7068607344897195,0.9348093445615222,0.2279486100718027
37.9572584,-3.3951791,30,Grassland,263.350006103516,0.6959999799728394,0.7201714246400766,0.9701000273227691,254.51106875769028,0.07972376967811838,0.9664365401899728,0.8867127705118545,188.94092754510353,0.059184392505603915,0.7174517682404601,0.6582673757348562
35.12706826,-1.301992519,30,Grassland,1255.84997558594,0.8999999761581421,0.7201714246400766,0.9701000273227691,1569.4387605706893,0.5383937512235635,1.2497024255133968,0.7113086742898335,1165.1014495946308,0.3996864074996899,0.9277393576020346,0.5280529501023449
35.01953888,0.072350959,10,Tree Cover,1397.44995117188,0.984000027179718,0.9800357158694949,1.0,1403.1027315320187,0.4824568072068331,1.0040450682011175,0.5215882609942845,1375.0907899354256,0.47282490242705955,0.984000027179718,0.5111751247526585
34.19436271,-0.474831483,30,Grassland,1387.30004882812,0.8820000290870667,0.7201714246400766,0.9701000273227691,1699.0380922575685,0.5841258184005036,1.2247084498359095,0.6405826314354058,1261.3118739886174,0.4336364405302473,0.9091846245187353,0.47554818398848786
35.26226807,0.843080136,10,Tree Cover,2402.75,0.9279999732971191,0.9800357158694949,1.0,2275.174159200311,0.7890841231959793,0.9469042385601129,0.15782011536413354,2229.751935839653,0.7733306235576243,0.9279999732971191,0.1546693497394949
35.1597519,1.270516215,10,Tree Cover,1520.59997558594,0.8920000195503235,0.9800357158694949,1.0,1384.0058948744474,0.4766870003404945,0.9101709306164771,0.4334839302759826,1356.37520795088,0.4671702856243787,0.8920000195503235,0.4248297339259448
35.42217922,1.528269119,20,Shrubland,1847.80004882812,0.8339999914169312,0.7845405420741519,0.975600004196167,1964.2901063960583,0.6788236153322381,1.0630425665600651,0.38421895122782695,1579.6076447668713,0.5458842198184383,0.8548585361109081,0.3089743162924699
35.05721238,1.334758288,30,Grassland,1810.5,0.9700000286102295,0.7201714246400766,0.9701000273227691,2438.565307803649,0.8424546215063168,1.3469015784610046,0.5044469569546877,1810.313372163742,0.6254115327047167,0.9998969191735665,0.37448538646884966
40.01776886,-3.307411895,10,Tree Cover,2548.10009765625,0.7940000295639038,0.9800357158694949,1.0,2064.4059396099237,0.7164715001276798,0.8101745851777057,0.09370308505002592,2023.1915528708487,0.7021676595277215,0.7940000295639038,0.09183237003618232
36.6241536,-1.208820218,20,Shrubland,2368.80004882812,0.9139999747276306,0.7845405420741519,0.975600004196167,2759.6829846928117,0.9569597307494084,1.1650130563185639,0.20805332556915543,2219.2324471621996,0.7695507407504223,0.9368593386597093,0.167308597909287
36.85964584,0.382390051,30,Grassland,972.549987792969,0.6660000085830688,0.7201714246400766,0.9701000273227691,899.3946136384043,0.306464061913274,0.9247798312963039,0.6183157693830299,667.6819729663544,0.22750917828356504,0.6865271516598763,0.45901797337631123
36.32005,-0.6682,30,Grassland,2215.60009765625,0.9399999976158142,0.7201714246400766,0.9701000273227691,2891.9004771056216,1.0019696238507305,1.305244786802812,0.3032751629520816,2146.8549921208632,0.7438304000939655,0.9689722411512312,0.22514184105726567
37.25085831,-1.101008296,10,Tree Cover,2077.60009765625,0.9580000042915344,0.9800357158694949,1.0,2030.8860893961755,0.7030454217479079,0.9775153994684671,0.2744699777205592,1990.3409024707798,0.6890096231914818,0.9580000042915344,0.2689903811000525
35.98671333,0.565725,30,Grassland,1536.84997558594,0.8140000104904175,0.7201714246400766,0.9701000273227691,1737.0807191834488,0.5984149617269912,1.1302864604732603,0.5318714987462693,1289.5535109936916,0.4442442463404609,0.8390887409176265,0.3948444945771657
35.89325833,0.503171667,20,Shrubland,1159.44995117188,0.9259999990463257,0.7845405420741519,0.975600004196167,1368.5088228084785,0.46856515834118084,1.1803086639706168,0.7117435056294359,1100.5029203172705,0.3768023388078365,0.9491594865349466,0.5723571477271102
35.82671167,0.74482,20,Shrubland,1539.90002441406,0.9480000138282776,0.7845405420741519,0.975600004196167,1860.7390773958455,0.641038419009386,1.208350573345738,0.5673121543363521,1496.3358324721391,0.5154987972292558,0.9717097270918628,0.456210929862607
35.42237806,0.448936389,10,Tree Cover,2289.94995117188,1.0,0.9800357158694949,1.0,2336.5984668632404,0.8099117509233842,1.0203709760850834,0.21045922516169926,2289.94995117188,0.7937424426073149,1.0,0.20625755739268514
36.90053833,-1.412436667,30,Grassland,2006.30004882812,0.8240000009536743,0.7201714246400766,0.9701000273227691,2295.5523998663944,0.7942767330259439,1.1441720301044833,0.34989529707853945,1704.145135126032,0.5896457996814799,0.8493969464444878,0.2597511467630079
34.91680509,0.217255521,10,Tree Cover,884.650024414062,0.843999981880188,0.9800357158694949,1.0,761.854483959646,0.2588249058137243,0.8611930853268801,0.6023681795131558,746.6446045757763,0.2536576518540079,0.843999981880188,0.5903423300261801
35.39009567,-1.611644805,30,Grassland,2177.25,0.9259999990463257,0.7201714246400766,0.9701000273227691,2799.5188769551987,0.969740709694595,1.2858049727661953,0.31606426307160024,2078.273828615005,0.7199046786542068,0.9545407411252751,0.23463606247106825
35.60736465,-1.425438881,20,Shrubland,1291.40002441406,0.8399999737739563,0.7845405420741519,0.975600004196167,1382.6895214001163,0.47463071640852633,1.070690332399116,0.5960596159905895,1111.9065005881014,0.3816800306832669,0.8610085795008411,0.4793285488175741
36.75967902,2.303388067,30,Grassland,721.950012207031,0.7279999852180481,0.7201714246400766,0.9701000273227691,729.7979067658226,0.24608780904514949,1.0108704126686006,0.764782603623451,541.7787685929204,0.18268776727663616,0.7504380627914671,0.5677502955148308
37.083294,-0.575127,10,Tree Cover,1904.55004882812,0.9620000123977661,0.9800357158694949,1.0,1869.5004079104367,0.6463654093931211,0.981596891644171,0.33523148225104976,1832.1771705848175,0.6334611867078667,0.9620000123977661,0.32853882568989945
35.59769386,0.716381794,10,Tree Cover,967.150024414062,0.9620000123977661,0.9800357158694949,1.0,949.3514577184274,0.32343246627204053,0.981596891644171,0.6581644253721303,930.3983354768275,0.3169753686183555,0.9620000123977661,0.6450246437794105
34.11510434,-0.638006562,10,Tree Cover,1546.90002441406,0.9480000138282776,0.9800357158694949,1.0,1496.3344914776262,0.5155420082033042,0.9673116994386322,0.45176969123532795,1466.461244535492,0.5052495810703223,0.9480000138282776,0.4427504327579553
39.34636873,-4.58009211,10,Tree Cover,1141.44995117188,0.9800000190734863,0.9800357158694949,1.0,1141.408375027867,0.3906538138315758,0.9999635760254136,0.6093097621938378,1118.6209739198725,0.3828546900955768,0.9800000190734863,0.5971453289779095
39.24389442,-3.575012123,20,Shrubland,1316.65002441406,0.7540000081062317,0.7845405420741519,0.975600004196167,1265.3955733844534,0.4345542935931398,0.9610720768015661,0.5265177832084265,1017.5831537631432,0.3494520906005051,0.772857733562107,0.423405642961602
38.18402968,0.137642802,30,Grassland,1128.44995117188,0.46799999475479126,0.7201714246400766,0.9701000273227691,733.3178645534605,0.25090889788398174,0.6498452711987092,0.3989363733147274,544.3918733689217,0.18626679038723234,0.4824244733260682,0.2961576829388359
35.15818333,-1.164075,30,Grassland,1485.30004882812,0.9300000071525574,0.7201714246400766,0.9701000273227691,1918.0559083196044,0.6603297269343571,1.291359217171589,0.6310294902372321,1423.9037389226394,0.49020780000481823,0.95866403562437,0.4684562356195517
35.77612224,0.476667521,10,Tree Cover,1690.75,1.0,0.9800357158694949,1.0,1725.1922278158547,0.595334299982466,1.0203709760850834,0.4250366761026174,1690.75,0.5834488768649807,1.0,0.4165511231350193
39.4424181,-1.5867894,30,Grassland,1045.5,0.37400001287460327,0.7201714246400766,0.9701000273227691,542.9499145371092,0.18539426668041536,0.5193208173477849,0.33392655066736965,403.0687583212484,0.13763081063280294,0.3855272676434705,0.2478964570106676
36.66480833,-1.487463333,30,Grassland,2018.5,0.8980000019073486,0.7201714246400766,0.9701000273227691,2516.918808262743,0.8709463233186983,1.2469253446929616,0.37597902137426326,1868.4805203565832,0.6465628664916769,0.925677741073363,0.2791148745816861
34.83671833,0.162953333,10,Tree Cover,2550.64990234375,0.9419999718666077,0.9800357158694949,1.0,2451.6577277162537,0.8508804288709836,0.9611894307656516,0.11030900189466808,2402.712136249378,0.8338932102279172,0.9419999718666077,0.1081067616386905
37.41912691,0.763749032,20,Shrubland,768.299987792969,0.828000009059906,0.7845405420741519,0.975600004196167,810.8598125107181,0.274094852163993,1.055394800721014,0.7812999485570213,652.0627245973144,0.22041669021275967,0.8487084927209753,0.6282918025082157
37.0880842,-0.3517749,10,Tree Cover,2419.55004882812,0.9200000166893005,0.9800357158694949,1.0,2271.3315946118933,0.7878166221934747,0.9387413150275546,0.15092469283407997,2225.9860853024684,0.7720884273052694,0.9200000166893005,0.14791158938403118
36.44831164,-0.685446147,30,Grassland,2136.14990234375,0.8119999766349792,0.7201714246400766,0.9701000273227691,2408.5288744396157,0.8340921413711363,1.1275092968883016,0.2934171555171654,1788.0152787737445,0.6192034932625392,0.8370270629472034,0.2178235696846643
35.83027833,-0.500048333,10,Tree Cover,740.849975585938,0.6819999814033508,0.9800357158694949,1.0,515.5523022178967,0.17402514541445302,0.6958929867145458,0.5218678413000929,505.2596695722826,0.17055085796554642,0.6819999814033508,0.5114491234378045
40.2,-2.633333,90,Herbaceous Wetland,737.700012207031,0.7860000133514404,0.8752352951149291,1.0,662.4872450647057,0.22358524417454678,0.8980442376335257,0.6744589934589789,579.8322194440841,0.19568969716845294,0.7860000133514404,0.5903103161829875
34.44174,0.595778333,10,Tree Cover,2528.0,0.8880000114440918,0.9800357158694949,1.0,2290.5941003782746,0.7949012395747468,0.9060894384407732,0.1111881988660264,2244.864028930664,0.7790316053721859,0.8880000114440918,0.10896840607190594
34.59668333,0.5334,10,Tree Cover,2505.75,0.8460000157356262,0.9800357158694949,1.0,2163.048249265881,0.7505637441379467,0.8632338618241568,0.11267011768621013,2119.8645394295454,0.735579276291921,0.8460000157356262,0.11042073944370519
35.58921433,0.352196664,10,Tree Cover,2412.69995117188,0.9959999918937683,0.9800357158694949,1.0,2452.001588204655,0.850453850523339,1.0162894839093795,0.16583563338604052,2403.0491318092877,0.833475148211609,0.9959999918937683,0.16252484368215933
34.4295845,0.401233345,10,Tree Cover,2004.69995117188,0.9559999704360962,0.9800357158694949,1.0,1955.5339290397535,0.6766203041093155,0.9754746229711904,0.29885431886187497,1916.4930940535608,0.6631120641096083,0.9559999704360962,0.2928879063264879
36.080805,-0.49208,10,Tree Cover,1350.09997558594,0.8659999966621399,0.9800357158694949,1.0,1193.0040460960838,0.40991701222284116,0.8836412618838266,0.47372424966098553,1169.1865743509793,0.4017333125208966,0.8659999966621399,0.4642666841412433
37.24698633,-1.864824168,10,Tree Cover,1715.44995117188,0.8180000185966492,0.9800357158694949,1.0,1431.8234215732184,0.49421885471624305,0.8346634774130793,0.3404446226968363,1403.2380919602188,0.48435212907803515,0.8180000185966492,0.333647889518614
36.50409667,-0.023736667,10,Tree Cover,1821.05004882812,0.9959999918937683,0.9800357158694949,1.0,1850.7140142966805,0.6394276184511103,1.0162894839093795,0.3768618654582692,1813.7658338709539,0.6266619037954602,0.9959999918937683,0.36933808809830815
37.52828311,0.313799026,30,Grassland,1241.44995117188,0.7979999780654907,0.7201714246400766,0.9701000273227691,1375.6128053812745,0.4717758385505061,1.1080694828516848,0.6362936443011786,1021.2112214227877,0.3502313866512663,0.8225955629212474,0.47236417626998106
36.7234468,-0.8653336,10,Tree Cover,1029.25,0.9860000014305115,0.9800357158694949,1.0,1035.5137930580213,0.35342853646855377,1.0060857838795447,0.6526572474109908,1014.8405014723539,0.346372588746667,0.9860000014305115,0.6396274126838445
35.07439188,-1.423646794,10,Tree Cover,1099.0,0.972000002861023,0.9800357158694949,1.0,1089.9888502497324,0.37268883442648215,0.9918005916740059,0.6191117572475238,1068.2280031442642,0.36524836864372506,0.972000002861023,0.6067516342172979
36.8278134,-2.5595536,20,Shrubland,1508.44995117188,0.8259999752044678,0.7845405420741519,0.975600004196167,1588.1647352105713,0.5469209684679655,1.0528454947920298,0.5059245263240644,1277.1418787474918,0.4398131111398611,0.8466584375274165,0.40684532638755544
38.39261667,-0.086086667,20,Shrubland,1277.25,0.8840000033378601,0.7845405420741519,0.975600004196167,1439.1722845555182,0.49389672198674794,1.1267741511493585,0.6328774291626105,1157.3277976700913,0.39717302206798444,0.9061090606146732,0.5089360385466888
38.73879833,-0.142461667,20,Shrubland,1293.44995117188,0.7820000052452087,0.7845405420741519,0.975600004196167,1289.2614394747543,0.44257571921168143,0.9967617520157384,0.554186032804057,1036.775178608388,0.35590261702107767,0.8015580175089559,0.44565540048787833
35.55995807,-1.710308715,30,Grassland,2120.44995117188,0.8980000019073486,0.7201714246400766,0.9701000273227691,2644.04278626917,0.9155614047686185,1.2469253446929616,0.3313639399243431,1962.8533208599088,0.6796836848230546,0.925677741073363,0.24599405625030832
39.65634696,-3.867142469,10,Tree Cover,2634.75,0.921999990940094,0.9800357158694949,1.0,2478.7254554025853,0.8605827322147422,0.9407820307059818,0.0801992984912395,2429.2394761294127,0.8434018140310008,0.921999990940094,0.0785981769090932
37.40308719,0.077764998,10,Tree Cover,1158.94995117188,0.9679999947547913,0.9800357158694949,1.0,1144.7170021350903,0.3919366137360782,0.9877190994983021,0.5957824857622237,1121.8635466554454,0.3841118798183031,0.9679999947547913,0.5838881149364881
38.02211357,2.372529523,30,Grassland,1822.25,0.7979999780654907,0.7201714246400766,0.9701000273227691,2019.1796151264825,0.6976402748710568,1.1080694828516848,0.410429207980628,1498.974764533243,0.5179059648382214,0.8225955629212474,0.3046895980830261
35.24921289,-1.544114788,30,Grassland,1286.80004882812,0.9620000123977661,0.7201714246400766,0.9701000273227691,1718.8986129861644,0.5899927094721741,1.3357930896502168,0.7458003801780427,1276.0556932900963,0.43799183397658453,0.9916503301753768,0.5536584961987924
36.85726124,-1.638205738,30,Grassland,1231.0,0.9079999923706055,0.7201714246400766,0.9701000273227691,1552.0582355330712,0.5321835994822152,1.2608109143241846,0.7286273148419693,1152.1987002648762,0.39507618824308355,0.9359859466002243,0.5409097583571407
36.99801748,-1.507094724,40,Cropland,1625.55004882812,0.7720000147819519,0.8892500102519989,0.9620000123977661,1411.2169212890828,0.48665428953935214,0.8681473217674518,0.38149303222809966,1304.4954735460306,0.44985169062878594,0.8024948075185124,0.3526431168897265
36.69490322,0.582813181,30,Grassland,663.700012207031,0.722000002861023,0.7201714246400766,0.9701000273227691,665.3852045737931,0.223564451831449,1.0025390874427713,0.7789746356113225,493.9608259106894,0.16596714280965927,0.7442531517637005,0.5782860089540414
38.34399434,-3.488441579,10,Tree Cover,1139.25,0.9039999842643738,0.9800357158694949,1.0,1050.8616833004592,0.3596460120906554,0.9224153463247391,0.5627693342340838,1029.8819820731878,0.35246593691887446,0.9039999842643738,0.5515340473454994
38.42576317,-3.328619522,20,Shrubland,2160.35009765625,0.9240000247955322,0.7845405420741519,0.975600004196167,2544.3727082911355,0.8812684305529574,1.1777594340155835,0.2964910034626261,2046.088084476915,0.7086826663028941,0.9471094924367596,0.23842682613386545
36.92499924,-1.566666722,20,Shrubland,1927.84997558594,0.8059999942779541,0.7845405420741519,0.975600004196167,1980.5822464993246,0.6848959330443358,1.027352891345893,0.3424569583015571,1592.7091662646044,0.5507673475439457,0.8261582521640591,0.2753909046201134
36.99509804,0.250802765,30,Grassland,920.700012207031,0.9160000085830688,0.7201714246400766,0.9701000273227691,1171.0562099927286,0.39835784668525,1.2719194031349723,0.8735615564497222,869.3549070517355,0.29572820315818604,0.9442325355984138,0.6485043324402278
38.106142,0.27917,10,Tree Cover,2167.60009765625,0.8420000076293945,0.9800357158694949,1.0,1862.2987603515853,0.6450540689797462,0.859152369648453,0.21409830066870686,1825.1192987640388,0.632176026267096,0.8420000076293945,0.2098239813622985
36.27823167,-0.757161667,10,Tree Cover,2102.5,0.9399999976158142,0.9800357158694949,1.0,2016.6101734708893,0.6982176051444394,0.9591487150872244,0.260931109942785,1976.3499949872494,0.684278190490415,0.9399999976158142,0.25572180712539916
38.1963,-3.46763,20,Shrubland,1010.65002441406,0.8240000009536743,0.7845405420741519,0.975600004196167,1061.4819456995067,0.36210314538098326,1.0502962648369967,0.6881931194560134,853.603543972072,0.2911896235568591,0.8446084434292295,0.5534188198723703
37.7312136,-2.42871,10,Tree Cover,732.450012207031,0.8420000076293945,0.9800357158694949,1.0,629.286163636709,0.21231936153981254,0.859152369648453,0.6468330081086404,616.7229158664702,0.20808055747962428,0.8420000076293945,0.6339194501497702
37.22999496,-0.708630359,20,Shrubland,1657.05004882812,0.9079999923706055,0.7845405420741519,0.975600004196167,1917.8122111010484,0.6615750393478069,1.157365290479513,0.4957902511317062,1542.2318831715681,0.5320135688399334,0.9307092952697764,0.398695726429843
37.57640973,-1.048970238,20,Shrubland,1615.75,0.9539999961853027,0.7845405420741519,0.975600004196167,1964.7493165378228,0.6774656079837548,1.2159983391847888,0.5385327312010341,1579.9769241559613,0.5447921617857021,0.9778597704817956,0.4330676086960935
38.15260278,-3.602905556,30,Grassland,172.75,0.6880000233650208,0.7201714246400766,0.9701000273227691,165.03293517332565,0.04843109986437815,0.9553281341437085,0.9068970342793304,122.5152053281648,0.03595370910613353,0.7092052406840219,0.6732515315778884
38.02229276,-2.985271477,10,Tree Cover,1082.84997558594,0.5619999766349792,0.9800357158694949,1.0,620.9586560205775,0.21223439923864554,0.5734484647188278,0.3612140654801823,608.5616609784861,0.20799729138997816,0.5619999766349792,0.35400268524500106
38.60743117,-3.499978021,10,Tree Cover,1611.34997558594,0.8939999938011169,0.9800357158694949,1.0,1469.8922139865042,0.506809157947861,0.9122116462949043,0.4054024883470433,1440.5468681852603,0.4966910759186478,0.8939999938011169,0.39730891788246914
38.61569316,-3.411690349,30,Grassland,2087.0,0.7799999713897705,0.7201714246400766,0.9701000273227691,2260.3784107429897,0.7825389835861897,1.083075424409674,0.3005364408234843,1678.033083642862,0.5809320675940531,0.8040407683961965,0.22310870080214332
34.75341766,1.034396626,10,Tree Cover,713.400024414062,0.9980000257492065,0.9800357158694949,1.0,726.4768326356867,0.24484816213074972,1.0183302604066562,0.7734820982759065,711.9732427347185,0.23995994385313946,0.9980000257492065,0.7580400818960671
37.42351584,-2.518822241,20,Shrubland,527.150024414062,0.4259999990463257,0.7845405420741519,0.975600004196167,286.23875740565086,0.09506451154800669,0.5429929700255843,0.4479284584775777,230.1823584786566,0.07644727665139617,0.4366543636880392,0.360207087036643
38.0627523,-2.89321826,20,Shrubland,1258.0,0.5180000066757202,0.7845405420741519,0.975600004196167,830.6059068346592,0.2849494106865236,0.660259067436136,0.37530965674961253,667.9417851529938,0.22914551472138428,0.5309553141120777,0.3018097993906935
37.04616398,-0.746256284,10,Tree Cover,1735.59997558594,0.7039999961853027,0.9800357158694949,1.0,1246.752905436378,0.4304223393998248,0.7183411632714923,0.28791882387166756,1221.8623761917133,0.42182926551993,0.7039999961853027,0.28217073066537274
34.76429333,-0.16526,10,Tree Cover,1753.90002441406,0.01600000075995922,0.9800357158694949,1.0,28.634060237917236,0.009887180307248418,0.016325936392801665,0.006438756085553249,28.062401723517457,0.009689789830344976,0.01600000075995922,0.006310210929614245
37.15353012,0.767337203,20,Shrubland,788.849975585938,0.9279999732971191,0.7845405420741519,0.975600004196167,933.097420744883,0.31572905183331956,1.18285789392565,0.8671288420923304,750.3615755745603,0.25389733539204073,0.9512094806331338,0.6973121452410931
37.43071333,-2.789345,30,Grassland,1116.40002441406,0.9079999923706055,0.7201714246400766,0.9701000273227691,1407.569335533033,0.481474172801238,1.2608109143241846,0.7793367415229465,1044.9347336357075,0.35743112172730845,0.9359859466002243,0.5785548248729158
37.4808562,-0.34617989,10,Tree Cover,1268.25,0.9980000257492065,0.9800357158694949,1.0,1291.497352760742,0.4431462088216825,1.0183302604066562,0.5751840515849738,1265.7135326564312,0.4342991119974103,0.9980000257492065,0.5637009137517962
34.9555574,3.658771745,20,Shrubland,1064.15002441406,0.722000002861023,0.7845405420741519,0.975600004196167,979.3200981561135,0.3345591443225199,0.9202838657033764,0.5857247213808565,787.5321006220713,0.2690397819943812,0.7400574003235122,0.471017618329131
35.34141141,-1.406785051,20,Shrubland,1246.40002441406,0.8560000061988831,0.7845405420741519,0.975600004196167,1359.9277174434183,0.4664397398711195,1.0910844759351863,0.6246447360640669,1093.6023206598868,0.3750931578407759,0.8774087766678242,0.5023156188270483
37.86323741,-2.747356984,20,Shrubland,770.75,0.8619999885559082,0.7845405420741519,0.975600004196167,846.8478753474933,0.28629469229248394,1.0987322417742371,0.8124375494817534,681.0029605595163,0.23022733919436808,0.8835588200577571,0.6533314808633891
36.772445,0.076339,30,Grassland,1135.34997558594,0.8799999952316284,0.7201714246400766,0.9701000273227691,1387.3196560127133,0.4747535569672082,1.2219312862509508,0.7471777292837426,1029.9020152170722,0.3524419501539306,0.9071229465483122,0.5546809963943816
37.09506167,-1.506121667,10,Tree Cover,2130.39990234375,0.7319999933242798,0.9800357158694949,1.0,1591.2202882423662,0.5510319003997763,0.74691154768257,0.19587964728279358,1559.4527142936713,0.540030942975223,0.7319999933242798,0.19196905034905676
37.28554167,-0.02968883,30,Grassland,167.699996948242,0.8899999856948853,0.7201714246400766,0.9701000273227691,207.24648296002655,0.06046041123049956,1.2358168558821738,1.1753564446516742,153.85320140322872,0.044883887500094484,0.9174311520751733,0.8725472645750789
35.24990082,-0.994596005,20,Shrubland,2414.05004882812,0.8379999995231628,0.7845405420741519,0.975600004196167,2578.54608051046,0.8943505623327447,1.0681411024440826,0.17379054011133807,2073.5690150326095,0.7192028207861407,0.8589585854026539,0.1397557646165132
35.69538545,-0.983686856,30,Grassland,1576.75,0.9340000152587891,0.7201714246400766,0.9701000273227691,2044.908300541508,0.7047943281303461,1.296913461576983,0.5921191334466369,1518.074922772173,0.5232169065788498,0.9627873301234647,0.4395704235446149
36.46771174,-0.405913064,40,Cropland,1741.34997558594,0.878000020980835,0.8892500102519989,0.9620000123977661,1719.3199859128088,0.5936013723351973,0.9873489017245264,0.39374752938932917,1589.298643862452,0.5487110391183821,0.9126819227293326,0.3639708836109504
38.64203535,-3.816823439,10,Tree Cover,1419.25,0.9599999785423279,0.9800357158694949,1.0,1390.2350164222296,0.47818401580842895,0.9795561151468942,0.5013720993384653,1362.4799695461988,0.46863741425016353,0.9599999785423279,0.49136256429216435
35.2003449,-0.87181725,30,Grassland,2419.5,0.8859999775886536,0.7201714246400766,0.9701000273227691,2976.620388468069,1.032447420478053,1.2302626114767798,0.19781519099872688,2209.748361405322,0.7664561475414362,0.9133078575760786,0.14685171003464242
36.858875,-2.125544444,20,Shrubland,938.099975585938,0.7979999780654907,0.7845405420741519,0.975600004196167,954.193849513083,0.3247787643020154,1.0171558195778576,0.6923770552758421,767.3265239042493,0.2611747711190482,0.8179581535805676,0.5567833824615193
34.4040978,-0.6834578,20,Shrubland,1902.84997558594,0.9639999866485596,0.7845405420741519,0.975600004196167,2338.116709952871,0.8083750033792854,1.2287446409078573,0.420369637528572,1880.2248289968438,0.6500645352835175,0.9881098631634744,0.3380453278799569
34.88575759,-0.300867406,90,Herbaceous Wetland,1840.65002441406,0.9779999852180481,0.8752352951149291,1.0,2056.767713454892,0.7107392819465939,1.1174137865288267,0.40667450458223287,1800.1556966685505,0.6220641051842999,0.9779999852180481,0.3559358800337482
34.02929549,0.165757101,20,Shrubland,1712.84997558594,0.8019999861717224,0.7845405420741519,0.975600004196167,1750.9683477954939,0.6043619102161782,1.0222543554618753,0.4178924452456971,1408.0623727200636,0.48600493912526904,0.8220582028723133,0.3360532637470443
34.89646759,1.305152734,20,Shrubland,1180.69995117188,0.9340000152587891,0.7845405420741519,0.975600004196167,1405.6300640564696,0.4814918487713649,1.190505735738652,0.7090138869672871,1130.3544154032716,0.38719749324992503,0.9573595851184382,0.5701620918685133
35.65747362,0.523553311,10,Tree Cover,1331.80004882812,0.7540000081062317,0.9800357158694949,1.0,1024.633318308577,0.35196113948874425,0.7693597242395165,0.4173985847507722,1004.1772476122823,0.34493448729709464,0.7540000081062317,0.40906552080913705
34.38978214,-0.546633679,20,Shrubland,2363.94995117188,0.9319999814033508,0.7845405420741519,0.975600004196167,2808.2695442428844,0.9737836603220849,1.1879564298096676,0.21417276948758274,2258.3039166199505,0.7830799071813307,0.9553095299248796,0.1722296227435489
37.461189,-0.0425066,30,Grassland,90.0999984741211,0.7879999876022339,0.7201714246400766,0.9701000273227691,98.58596891157146,0.023731927387542255,1.0941839132204618,1.0704519858329196,73.18708966178204,0.017617828548369543,0.8122873573943861,0.7946695288460166
37.28808951,-2.515274393,30,Grassland,1015.04998779297,0.9179999828338623,0.7201714246400766,0.9701000273227691,1293.8806504786783,0.44143639206397595,1.2746964839554076,0.8332600918914316,960.535867565157,0.32770834595071585,0.9462941521270856,0.6185858061763697
37.857345,-2.59224667,30,Grassland,1411.05004882812,0.7720000147819519,0.7201714246400766,0.9701000273227691,1512.5991136038235,0.5202107491908423,1.0719670183634098,0.5517562691725674,1122.9055023940778,0.38618792475634156,0.7957942408397584,0.40960631608341674
37.35903298,-2.418902873,30,Grassland,649.0,0.777999997138977,0.7201714246400766,0.9701000273227691,701.113624989416,0.23533128801027262,1.0802983435892388,0.8449670555789662,520.4844695620236,0.17470246796761882,0.8019791518675249,0.627276683899906
37.20110447,-2.478271502,30,Grassland,321.049987792969,0.7239999771118164,0.7201714246400766,0.9701000273227691,322.75674354897683,0.10328892791764076,1.0053161682632066,0.9020272403455658,239.6043472499786,0.07667841693941535,0.7463147682923722,0.6696363513529568
37.4915773,0.5774645,10,Tree Cover,1603.55004882812,0.8820000290870667,0.9800357158694949,1.0,1443.1424965509182,0.49754276337427905,0.8999672305866422,0.40242446721236314,1414.331189708969,0.48760967827919827,0.8820000290870667,0.3943903508078684
37.39652989,-2.599777515,30,Grassland,401.799987792969,0.9359999895095825,0.7201714246400766,0.9701000273227691,522.2156440699199,0.17036672196081698,1.2996905423974183,1.1293238204366014,387.6762949868874,0.1264748390992048,0.9648489466521364,0.8383741075529316
39.21414796,-3.775828856,30,Grassland,2239.55004882812,0.9200000166893005,0.7201714246400766,0.9701000273227691,2860.966169725664,0.9913888299204562,1.277473647540366,0.28608481761990995,2123.8903456013077,0.7359755550017352,0.9483558300975087,0.21238027509577342
37.31845,0.22996,30,Grassland,1044.84997558594,0.7680000066757202,0.7201714246400766,0.9701000273227691,1114.2413608345676,0.3804593738954962,1.0664127739580158,0.6859534000625196,827.1773689561404,0.28244094588075697,0.7916709463406636,0.5092300004599065
40.09404141,-3.027716686,20,Shrubland,1642.75,0.9079999923706055,0.7845405420741519,0.975600004196167,1901.2618309352201,0.6557665634748426,1.157365290479513,0.5015987270046705,1528.9226948044252,0.5273426127202123,0.9307092952697764,0.40336668254956415
36.865505,2.37745833,30,Grassland,1399.30004882812,0.14399999380111694,0.7201714246400766,0.9701000273227691,279.7933817741465,0.096209570168539,0.19995238477156255,0.10374281460302354,207.7097131037495,0.07142292677127512,0.1484382947586555,0.07701536798738036
39.30877684,-3.09064394,30,Grassland,1225.30004882812,0.7179999947547913,0.7201714246400766,0.9701000273227691,1221.6055768545941,0.41882918810922565,0.9969848430373776,0.5781556549281518,906.8811502454708,0.31092547632834,0.7401298572646058,0.42920438093626573
37.18368667,-0.331403333,10,Tree Cover,144.949996948242,0.9980000257492065,0.9800357158694949,1.0,147.6069681382473,0.041689587655116246,1.0183302604066562,0.9766406727515401,144.6601006866929,0.040857284881885905,0.9980000257492065,0.9571427408673207
38.88468623,-0.3279196,20,Shrubland,929.950012207031,0.7440000176429749,0.7845405420741519,0.975600004196167,881.8955661104911,0.30008878392471283,0.9483257750784977,0.648236991153785,709.1869849459295,0.24132002480324735,0.7626076408804283,0.521287616077181
35.79282,-0.1536805,10,Tree Cover,1094.90002441406,0.9739999771118164,0.9800357158694949,1.0,1088.1568716838801,0.3720256196995248,0.993841307352433,0.6218156876529082,1066.4325987190216,0.36459839452401627,0.9739999771118164,0.6094015825878001
37.54693667,0.85579667,20,Shrubland,967.650024414062,0.9580000042915344,0.7845405420741519,0.975600004196167,1181.5944209722654,0.4025610821222093,1.2210968750688065,0.8185357929465972,950.1934435774954,0.3237243626770334,0.9819598197735414,0.658235457096508
38.78664649,-3.450773138,30,Grassland,789.950012207031,0.656000018119812,0.7201714246400766,0.9701000273227691,719.5609331216452,0.24348804106334535,0.9108942616650809,0.6674062206017356,534.1791647524009,0.18075778216329008,0.676218946133015,0.49546116396972495
39.80245078,-2.910086894,20,Shrubland,262.799987792969,0.9760000109672546,0.7845405420741519,0.975600004196167,326.9337621355065,0.10238385385112361,1.2440402485599102,1.1416563947087865,262.9077386889374,0.0823332142830231,1.0004100110387117,0.9180767967556887
37.12104086,-1.085943303,30,Grassland,2722.10009765625,0.8840000033378601,0.7201714246400766,0.9701000273227691,3341.3384828712697,1.1604754613271453,1.2274855306563446,0.0670100693291994,2480.503481744037,0.861500095562573,0.9112462410474069,0.049746145484833915
37.5446627,-2.7358736,30,Grassland,1086.15002441406,0.5720000267028809,0.7201714246400766,0.9701000273227691,862.6804976032976,0.2948753573969543,0.7942553774453798,0.4993800200484254,640.426580218482,0.21890609240974712,0.5896299459772786,0.37072385356753146
36.32825565,-1.14988907,20,Shrubland,868.599975585938,0.8899999856948853,0.7845405420741519,0.975600004196167,985.3588494002854,0.33455164947473126,1.1344219169884093,0.7998702675136782,792.3882354664505,0.26903375492189086,0.9122591040046061,0.6432253490827153
36.4447,-1.5772,20,Shrubland,1100.69995117188,0.7239999771118164,0.7845405420741519,0.975600004196167,1015.7623433310064,0.3473234952116316,0.9228330956584097,0.5755096004467781,816.8375728042555,0.27930438913121636,0.7421073944216993,0.46280300529048296
38.8320067,-2.957297247,30,Grassland,250.949996948242,0.8180000185966492,0.7201714246400766,0.9701000273227691,285.0392214229873,0.08875530873402523,1.1358407048786543,1.047085396144629,211.60405771454714,0.06588912002379092,0.8432120354167214,0.7773229153929304
37.80036201,-3.217112543,30,Grassland,1821.5,0.9079999923706055,0.7201714246400766,0.9701000273227691,2296.567080441502,0.7934743746505024,1.2608109143241846,0.4673365396736821,1704.8984017323085,0.5890501543273526,0.9359859466002243,0.3469357922728716
34.14167395,0.350909108,20,Shrubland,1977.30004882812,0.8899999856948853,0.7845405420741519,0.975600004196167,2243.092511852871,0.7759623941085371,1.1344219169884093,0.35845952287987237,1803.8099708922045,0.6239995435472141,0.9122591040046061,0.28825956045739204
34.26422006,0.462744735,30,Grassland,1841.05004882812,0.6639999747276306,0.7201714246400766,0.9701000273227691,1697.453056409629,0.5865760396062697,0.9220026677113452,0.33542662810507556,1260.1351937571299,0.4354554068705635,0.6844654736894532,0.24901006681888965
37.29054676,-2.347445723,30,Grassland,1001.15002441406,0.7879999876022339,0.7201714246400766,0.9701000273227691,1095.442251434137,0.37358586474907096,1.0941839132204618,0.7205980484713909,813.221507686622,0.27733827117213056,0.8122873573943861,0.5349490862222556
35.91532857,-1.740679064,10,Tree Cover,268.600006103516,0.9940000176429749,0.9800357158694949,1.0,272.42722533731745,0.08553669933778789,1.0142487682309524,0.9287120688931645,266.9884108057981,0.0838290203686227,0.9940000176429749,0.9101709972743521
35.41357979,0.642079236,40,Cropland,1565.25,0.8980000019073486,0.8892500102519989,0.9620000123977661,1580.6516578921994,0.5447113365194559,1.009839743103146,0.4651284065836902,1461.11692814022,0.5035182487960548,0.9334719234245136,0.42995367462845874
36.02233333,-0.081395,10,Tree Cover,2083.25,0.9639999866485596,0.9800357158694949,1.0,2049.1630454548026,0.7093990456258623,0.9836376073225981,0.27423856169673577,2008.2529721856117,0.6952364015170784,0.9639999866485596,0.2687635851314811
38.22466452,-2.914765136,20,Shrubland,799.650024414062,0.8980000019073486,0.7845405420741519,0.975600004196167,915.2946023038899,0.3098608159119791,1.1446189887564446,0.8347581728444654,736.0452238217204,0.24917832250669256,0.9204592025880977,0.6712808800814051
37.1774714,-0.074812334,10,Tree Cover,785.0,0.9700000286102295,0.9800357158694949,1.0,776.9615026565293,0.2628498866019889,0.9897598759955787,0.72690998939359,761.4500224590302,0.2576022767821957,0.9700000286102295,0.7123977518280339
34.60820194,-0.612179761,40,Cropland,2052.30004882812,0.8939999938011169,0.8892500102519989,0.9620000123977661,2063.2625355949463,0.7141317982586616,1.0053415614218233,0.29120976316316166,1907.2309847037084,0.6601265080443858,0.9293139108936594,0.2691874028492736
35.31574167,-0.42097833,10,Tree Cover,1084.25,0.9679999947547913,0.9800357158694949,1.0,1070.934433631034,0.36604208655862963,0.9877190994983021,0.6216770129396723,1049.5539943128824,0.3587343183388502,0.9679999947547913,0.609265676415941
35.27948569,-0.125140367,10,Tree Cover,2262.64990234375,0.9319999814033508,0.9800357158694949,1.0,2151.747770779695,0.7457261998635818,0.9509857307358167,0.20525953087223492,2108.7896669066686,0.7308383101259434,0.9319999814033508,0.20116167127740744
36.92516215,2.261648089,20,Shrubland,688.25,0.8299999833106995,0.7845405420741519,0.975600004196167,728.1299791127897,0.24503489834314748,1.0579440306760475,0.8129091323329,585.5345285532885,0.1970477769028006,0.8507584868191623,0.6537107099163618
36.63542792,-0.227709894,20,Shrubland,69.3499984741211,1.0,0.7845405420741519,0.975600004196167,88.39568480524284,0.018363352792639263,1.2746313878900648,1.2562680350974256,71.08445897482456,0.014767112230699908,1.0250102456938148,1.010243133463115
36.46805572,-0.898303333,30,Grassland,1112.84997558594,0.7820000052452087,0.7201714246400766,0.9701000273227691,1208.3910260397568,0.4133088032971754,1.0858525879946328,0.6725437846974575,897.0710877588591,0.3068273181150809,0.8061024463666197,0.49927512825153875
36.78234444,-0.340380556,10,Tree Cover,866.200012207031,0.7799999713897705,0.9800357158694949,1.0,689.3993492266492,0.23404485388292287,0.7958893321533173,0.5618444782703943,675.635984739303,0.22937231592072166,0.7799999713897705,0.5506276554690488
40.93005124,-2.302348685,20,Shrubland,1070.69995117188,0.9559999704360962,0.7845405420741519,0.975600004196167,1304.6988227786208,0.44579078410717765,1.2185475691398222,0.7727567850326444,1049.189337088636,0.3584880503391048,0.9799097645799828,0.6214217142408779
37.75223902,0.06765775,10,Tree Cover,1996.19995117188,0.9679999947547913,0.9800357158694949,1.0,1971.6848181900436,0.6821669624739773,0.9877190994983021,0.30555213702432477,1932.3215422638943,0.6685479874107032,0.9679999947547913,0.2994520073440881
37.38612358,-1.457141396,10,Tree Cover,2152.44995117188,0.9039999842643738,0.9800357158694949,1.0,1985.4528671568776,0.687647561790613,0.9224153463247391,0.23476778453412614,1945.8147219892317,0.6739191704853762,0.9039999842643738,0.23008081377899764
40.13816864,-1.868739936,20,Shrubland,1115.84997558594,0.9879999756813049,0.7845405420741519,0.975600004196167,1405.2297996330863,0.4806677468849516,1.2593357802380118,0.7786680333530603,1130.0325379264948,0.3865347817514521,1.0127100978185775,0.6261753160671254
35.69748333,-1.343066667,20,Shrubland,1646.19995117188,0.7580000162124634,0.7845405420741519,0.975600004196167,1590.5100154267136,0.5486049242743041,0.9661706126855838,0.4175656884112797,1279.0278641966247,0.44116728456693316,0.7769577828538528,0.33579049828691965
37.53052599,0.016607861,10,Tree Cover,260.649993896484,1.0,0.9800357158694949,1.0,265.9596886887264,0.08320606415712738,1.0203709760850834,0.9371649119279561,260.649993896484,0.08154491465091344,1.0,0.9184550853490866
35.21919833,0.547273333,20,Shrubland,2347.30004882812,0.9520000219345093,0.7845405420741519,0.975600004196167,2848.3291533454444,0.9875896748980866,1.2134491092297557,0.225859434331669,2290.5183357522014,0.7941821807696384,0.9758097763836086,0.18162759561397007
35.207844,-1.438004,20,Shrubland,1847.5,0.9580000042915344,0.7845405420741519,0.975600004196167,2255.97647668962,0.7796232514773803,1.2210968750688065,0.44147362359142617,1814.1707670316177,0.626943466274003,0.9819598197735414,0.3550163534995384
37.70934833,-1.389096667,10,Tree Cover,1786.69995117188,0.9419999718666077,0.9800357158694949,1.0,1717.3571090159169,0.5931723046775603,0.9611894307656516,0.36801712608809123,1683.0713037379803,0.581330044248631,0.9419999718666077,0.36066992761797667
37.4700224,-0.244418856,10,Tree Cover,28.2999992370605,0.9760000109672546,0.9800357158694949,1.0,28.183462213149006,0.0,0.9958820838497098,0.9958820838497098,27.620799565744345,0.0,0.9760000109672546,0.9760000109672546
34.59099,1.117263333,30,Grassland,104.699996948242,0.7639999985694885,0.7201714246400766,0.9701000273227691,111.07188480667602,0.028444940770994145,1.060858529552622,1.032413588781628,82.4562367444074,0.021116619876182786,0.7875476518415687,0.766431031965386
40.17531107,-2.303177132,10,Tree Cover,725.200012207031,0.7699999809265137,0.9800357158694949,1.0,569.7792300068382,0.192164650126044,0.7856856321234824,0.5935209819974384,558.4039955673213,0.18832822045108855,0.7699999809265137,0.5816717604754251
38.32462,-1.00194,20,Shrubland,1385.84997558594,0.8180000185966492,0.7845405420741519,0.975600004196167,1444.95439688102,0.49676153975037324,1.0426484989979456,0.5458869592475726,1161.9775532242854,0.3994767999191029,0.8384584000392965,0.43898160012019366
34.98811667,-1.526021667,30,Grassland,1737.05004882812,0.9079999923706055,0.7201714246400766,0.9701000273227691,2190.0916602898515,0.7561060542362357,1.2608109143241846,0.5047048600879489,1625.8544342443536,0.5613091010429625,0.9359859466002243,0.37467684555726183
38.69520556,-3.040758333,30,Grassland,1531.69995117188,0.2280000001192093,0.7201714246400766,0.9701000273227691,484.92286294796634,0.16704278023999244,0.3165912896823946,0.14954850944240217,359.99131967201504,0.12400725042062995,0.23502731027482976,0.11102005985419981
38.3376639,-2.2495147,20,Shrubland,437.149993896484,0.7540000081062317,0.7845405420741519,0.975600004196167,420.13265250788584,0.13790314521892139,0.9610720768015661,0.8231689315826448,337.85475350952555,0.11089648199922399,0.772857733562107,0.6619612515628831
35.450478,1.251655,30,Grassland,1477.15002441406,0.9279999732971191,0.7201714246400766,0.9701000273227691,1903.429011915011,0.6552238946666544,1.2885820535866306,0.6333581589199762,1413.045195963075,0.48641739242349635,0.9566023576539467,0.4701849652304504
37.46045278,-2.077113889,30,Grassland,2409.64990234375,0.9739999771118164,0.7201714246400766,0.9701000273227691,3258.9448420607273,1.1303176005643043,1.3524557401018749,0.22213813953757072,2419.337061774369,0.8391118583313972,1.0040201522309098,0.16490829389951261
37.63026429,-0.234542854,10,Tree Cover,2398.60009765625,0.734000027179718,0.9800357158694949,1.0,1796.4371179176555,0.6230339649683594,0.7489523241798467,0.12591835921148734,1760.5725368729618,0.6105955378687759,0.734000027179718,0.1234044893109422
34.39328286,0.053409368,20,Shrubland,2413.39990234375,0.8619999885559082,0.7845405420741519,0.975600004196167,2651.6802849998735,0.9197137075157615,1.0987322417742371,0.17901853425847578,2132.38077004235,0.7395989007215693,0.8835588200577571,0.14395991933618785
34.35332581,-0.296315947,30,Grassland,2321.69995117188,0.9100000262260437,0.7201714246400766,0.9701000273227691,2933.6723787830274,1.0170435136739795,1.2635880779091433,0.24654456423516383,2177.8651241625703,0.7550207767593863,0.9380476245706474,0.18302684781126122
34.28472222,-0.634444444,30,Grassland,1388.5,0.8100000023841858,0.7201714246400766,0.9701000273227691,1561.6906820102326,0.5369157222444264,1.1247322160678666,0.5878164938234401,1159.3495223521313,0.39858916576627607,0.8349654464185318,0.4363762806522557
35.43640137,2.245852709,20,Shrubland,1929.84997558594,0.1080000028014183,0.7845405420741519,0.975600004196167,265.66352099353855,0.0918692847579567,0.1376601934629027,0.04579090870494599,213.63653328530546,0.07387779638578147,0.11070110940641448,0.036823313020633006
35.01071434,-0.237220593,40,Cropland,1519.75,0.9279999732971191,0.8892500102519989,0.9620000123977661,1585.9746338587422,0.546244401928866,1.0435760051710756,0.49733160324220965,1466.0373609591563,0.5049353781239817,0.964656924467285,0.4597215463433033
34.41982437,-0.936557515,40,Cropland,2040.19995117188,0.906000018119812,0.8892500102519989,0.9620000123977661,2078.629374663657,0.7193908727717369,1.0188361064657918,0.29944523369405496,1921.4357265158546,0.6649878718743215,0.9417879484862217,0.27680007661190015
37.46813949,-1.33037547,40,Cropland,2080.44995117188,0.8379999995231628,0.8892500102519989,0.9620000123977661,1960.5476952380845,0.6787087480721953,0.9423671519392924,0.26365840386709727,1812.2838208126077,0.6273822800448879,0.8711018593798812,0.24371957933499333
37.98527833,3.694745,20,Shrubland,863.150024414062,0.8019999861717224,0.7845405420741519,0.975600004196167,882.358871874299,0.29951711913799683,1.0222543554618753,0.7227372363238784,709.5595578790172,0.24086031365141683,0.8220582028723133,0.5811978892208965
35.01673685,1.193055963,10,Tree Cover,1617.69995117188,0.8859999775886536,0.9800357158694949,1.0,1462.4794762829977,0.5042886794187905,0.9040486619434965,0.399759982524706,1433.2821204834515,0.49422091693907655,0.8859999775886536,0.391779060649577
37.91483326,-2.348524671,20,Shrubland,1272.05004882812,0.8259999752044678,0.7845405420741519,0.975600004196167,1339.2721630586677,0.4595703163488515,1.0528454947920298,0.5932751784431783,1076.99190679749,0.36956902783799106,0.8466584375274165,0.4770894096894255
34.51741944,-0.426936111,30,Grassland,2193.25,0.9700000286102295,0.7201714246400766,0.9701000273227691,2954.091886959598,1.0233824108921916,1.3469015784610046,0.32351916756881305,2193.023917977425,0.7597265725657066,0.9998969191735665,0.2401703466078598
37.71732263,0.32840303,20,Shrubland,1116.75,0.8920000195503235,0.7845405420741519,0.975600004196167,1269.7126131929995,0.4343223438801155,1.1369712229173938,0.7026488790372782,1021.0547535345505,0.34926556543362586,0.9143091591981648,0.5650435937645389
39.8,-3.433333,10,Tree Cover,953.950012207031,0.9559999704360962,0.9800357158694949,1.0,930.5540284910161,0.3168961791672765,0.9754746229711904,0.6585784438039138,911.9761834674352,0.31056957380650957,0.9559999704360962,0.6454303966295866
35.85576667,0.597445,10,Tree Cover,1852.40002441406,0.8840000033378601,0.9800357158694949,1.0,1670.8795416830906,0.5774484613834241,0.9020079462650693,0.3245594848816452,1637.5216277650811,0.5659201162296424,0.8840000033378601,0.31807988710821766
34.9919717,0.316759794,10,Tree Cover,1733.25,0.9039999842643738,0.9800357158694949,1.0,1598.7763990173542,0.5519406527451763,0.9224153463247391,0.3704746935795628,1566.8579727262259,0.5409215527305952,0.9039999842643738,0.3630784315337786
34.041865,0.0463981,30,Grassland,831.849975585938,0.8679999709129333,0.7201714246400766,0.9701000273227691,1002.6026164164714,0.339899819333937,1.205268553034769,0.8653687337008321,744.3003136544405,0.252330821802133,0.8947530630510278,0.6424222412488947
37.59612982,0.728874572,20,Shrubland,1456.80004882812,0.6660000085830688,0.7845405420741519,0.975600004196167,1236.6841393030784,0.4255918660064445,0.8489045152750321,0.4233126492685876,994.4945068166031,0.34224484606696315,0.6826568324298142,0.3404119863628511
36.21804844,-0.609976532,30,Grassland,976.450012207031,0.9620000123977661,0.7201714246400766,0.9701000273227691,1304.3351786950218,0.44449866753680567,1.3357930896502168,0.891294422113411,968.296977004853,0.3299816819241148,0.9916503301753768,0.661668648251262
37.93677453,2.259768475,30,Grassland,939.700012207031,0.9139999747276306,0.7201714246400766,0.9701000273227691,1192.6129779976065,0.40595093369384233,1.2691422395500136,0.8631913058561711,885.3579664141317,0.30136506959915005,0.9421708576279907,0.6408057880288406
37.16933823,3.380330086,30,Grassland,1364.80004882812,0.07400000095367432,0.7201714246400766,0.9701000273227691,140.23772876760623,0.048196892172987976,0.10275331458847821,0.054556422415490226,104.10803223413659,0.03577984076058198,0.07628079462887515,0.04050095386829315
37.16024712,1.937249263,30,Grassland,1476.30004882812,0.7059999704360962,0.7201714246400766,0.9701000273227691,1447.249578596317,0.49818608170537215,0.9803221098211958,0.4821360281158237,1074.3920848078478,0.3698375116922281,0.7277599737673214,0.3579224620750932
37.29078293,1.736355981,10,Tree Cover,1808.05004882812,0.9279999732971191,0.9800357158694949,1.0,1712.0502547641659,0.5914517075273514,0.9469042385601129,0.3554525310327613,1677.8703970323504,0.579643797588803,0.9279999732971191,0.34835617570831606
37.35021846,-2.711745395,30,Grassland,1515.90002441406,0.656000018119812,0.7201714246400766,0.9701000273227691,1380.8246334967234,0.4755633294138888,0.9108942616650809,0.4353309322511921,1025.0803169522874,0.3530430994788818,0.676218946133015,0.32317584665413324
37.53404737,-1.173652462,40,Cropland,1718.65002441406,0.9020000100135803,0.8892500102519989,0.9620000123977661,1743.2918991949346,0.6017464316432226,1.014337924784469,0.4125914931412464,1611.457712321046,0.5562401388895055,0.9376299359553677,0.3813897970658622
37.71470424,-2.214473313,10,Tree Cover,2041.19995117188,0.871999979019165,0.9800357158694949,1.0,1816.1851509836417,0.6285661313537286,0.8897634697379577,0.26119733838422915,1779.9263145958,0.6160172585125704,0.871999979019165,0.2559827205065947
34.13565618,0.479566,10,Tree Cover,2552.55004882812,0.9739999771118164,0.9800357158694949,1.0,2536.8296776098555,0.8804478406231346,0.993841307352433,0.11339346672929847,2486.1836891353546,0.8628703297708447,0.9739999771118164,0.11112964734097178
39.9093269,-3.5106508,10,Tree Cover,2015.40002441406,0.5059999823570251,0.9800357158694949,1.0,1040.5665429153214,0.3600663556261527,0.5163076958966727,0.15624134027052006,1019.7923767958624,0.3528778885965967,0.5059999823570251,0.15312209376042846
35.03730318,2.348327973,20,Shrubland,709.450012207031,0.9340000152587891,0.7845405420741519,0.975600004196167,844.604308752327,0.284595793747569,1.190505735738652,0.9059099419910829,679.1987693487941,0.22886114938335556,0.9573595851184382,0.7284984357350826
34.73897687,2.96824328,20,Shrubland,878.75,0.906000018119812,0.7845405420741519,0.975600004196167,1014.7946131858866,0.34467978765376817,1.1548160605244797,0.8101362728707117,816.0593609045341,0.2771784197261213,0.9286593011715892,0.6514808814454681
34.96032,2.99662,20,Shrubland,635.0,0.9139999747276306,0.7845405420741519,0.975600004196167,739.7832907622881,0.24806129334507415,1.1650130563185639,0.9169517629734898,594.9056800489154,0.19948148904418003,0.9368593386597093,0.7373778496155292
34.92695,2.90052,30,Grassland,724.849975585938,0.6779999732971191,0.7201714246400766,0.9701000273227691,682.4045599105751,0.23014433491667152,0.9414424817479621,0.7112981468312906,506.59545433470026,0.17085183886366034,0.6988969737154093,0.5280451348517489
34.96999,2.80618,30,Grassland,1672.0,0.7620000243186951,0.7201714246400766,0.9701000273227691,1769.1121822802163,0.6103737825221486,1.0580814487321868,0.44770766621003816,1313.3326510431639,0.4531220947751548,0.7854860353128971,0.3323639405377423
39.55331333,-3.838033333,20,Shrubland,2325.14990234375,0.8579999804496765,0.7845405420741519,0.975600004196167,2542.8623044504775,0.8815738876679851,1.0936337058902197,0.21205981822223463,2044.8734749619457,0.7089283033360773,0.8794587707660113,0.17053046742993413
38.42397485,-3.62147057,20,Shrubland,1275.09997558594,0.8420000076293945,0.7845405420741519,0.975600004196167,1368.4878366300236,0.4696212122720302,1.0732396383281002,0.60361842605607,1100.4860440280638,0.37765157734802157,0.8630586346943997,0.48540705734637807
37.0912695,-0.228396667,20,Shrubland,2142.94995117188,0.7839999794960022,0.7845405420741519,0.975600004196167,2141.4734200197886,0.7416403712609613,0.9993109819707716,0.2576706107098103,1722.0917492348588,0.5963990737910617,0.8036080116071431,0.2072089378160814
39.25728667,-4.487345,10,Tree Cover,1184.69995117188,0.9440000057220459,0.9800357158694949,1.0,1141.1387795116711,0.3909240364500467,0.9632302072629283,0.5723061708128817,1118.3567606851623,0.38311951791291404,0.9440000057220459,0.5608804878091319
37.21690833,-0.169625,20,Shrubland,186.600006103516,0.972000002861023,0.7845405420741519,0.975600004196167,231.18653114722213,0.06883130829593602,1.2389417126758926,1.1701104043799564,185.91144494297765,0.05535152899743999,0.996309961746966,0.9409584327495258
35.11894602,1.091530332,10,Tree Cover,2331.14990234375,0.984000027179718,0.9800357158694949,1.0,2340.579562685759,0.8114710957403667,1.0040450682011175,0.1925739724607509,2293.851567266247,0.7952706562213137,0.984000027179718,0.1887293709584044
35.90088273,-0.301145905,10,Tree Cover,2837.14990234375,0.7940000295639038,0.9800357158694949,1.0,2298.5867452183156,0.7986589511504766,0.8101745851777057,0.011515634027228968,2252.6971063381643,0.7827142969263373,0.7940000295639038,0.011285732637566456
37.61919722,-1.773480556,20,Shrubland,2700.69995117188,0.6480000019073486,0.7845405420741519,0.975600004196167,2230.6732152857257,0.7746674120987205,0.8259611417839284,0.05129372968520796,1793.8228433613924,0.6229581681027819,0.664206641164644,0.04124847306186202
34.70912039,0.047647091,20,Shrubland,2682.64990234375,0.8799999952316284,0.7845405420741519,0.975600004196167,3009.0629797529323,1.0449118788290892,1.1216756152653409,0.07676373643625177,2419.774386138634,0.8402785243033468,0.9020090113229274,0.06173048701958063
36.60920801,-2.03128475,20,Shrubland,1041.69995117188,0.7979999780654907,0.7845405420741519,0.975600004196167,1059.571167588448,0.36176169783379064,1.0171558195778576,0.6553941217440671,852.0669686455184,0.29091504438238985,0.8179581535805676,0.5270431091981778
37.45747559,-0.505014727,40,Cropland,2790.75,0.9100000262260437,0.8892500102519989,0.9620000123977661,2855.87016464656,0.9921244849537489,1.0233342881471146,0.031209803193365672,2639.8986907084045,0.917096358676127,0.9459459610170758,0.02884960234094872
35.24847833,-1.195636667,30,Grassland,2390.85009765625,0.9240000247955322,0.7201714246400766,0.9701000273227691,3067.527360754213,1.0638278117706914,1.28302789194576,0.2192000801750688,2277.234808057329,0.7897519525785215,0.9524791245966034,0.162727172018082
36.10790631,-1.34648502,20,Shrubland,926.349975585938,0.3440000116825104,0.7845405420741519,0.975600004196167,406.1796495324226,0.13819673657096906,0.4384732123250767,0.3002764757541076,326.63427742214424,0.11113257703560475,0.3526035364933652,0.2414709594577604
36.12350706,-1.437483216,30,Grassland,1536.65002441406,0.9620000123977661,0.7201714246400766,0.9701000273227691,2052.646483823138,0.7071239436786446,1.3357930896502168,0.6286691459715721,1523.8195040742035,0.524946339112639,0.9916503301753768,0.4667039910627378
39.95556314,-3.031422476,10,Tree Cover,2379.94995117188,0.8500000238418579,0.9800357158694949,1.0,2064.1671344025904,0.7158201624596097,0.8673153539998607,0.1514951915402511,2022.9575152385266,0.7015293253499217,0.8500000238418579,0.14847069849193623
38.31779858,-3.139475711,20,Shrubland,131.449996948242,0.9160000085830688,0.7845405420741519,0.975600004196167,153.47606895432241,0.04226720448133982,1.1675623622475482,1.1252951577662085,123.41963695668781,0.033989683654287596,0.938909393853268,0.9049197101989804
38.47127658,-2.66611414,20,Shrubland,289.0,0.30399999022483826,0.7845405420741519,0.975600004196167,111.98401161360815,0.035453035583804894,0.3874879294588517,0.3520348938750469,90.05329724999957,0.02850998732621958,0.3116031046712788,0.28309311734505926
38.3579892,-2.855958772,20,Shrubland,536.950012207031,0.9380000233650208,0.7845405420741519,0.975600004196167,641.9797282425709,0.2134325895197197,1.1956042716226696,0.98217168210295,516.2557624331159,0.17163439807081204,0.961459634410184,0.7898252363393721
38.28262976,-3.254870009,20,Shrubland,889.349975585938,0.8840000033378601,0.7845405420741519,0.975600004196167,1002.096563815548,0.34050182995772055,1.1267741511493585,0.7862723211916379,805.8480709358569,0.2738186645175092,0.9061090606146732,0.632290396097164
38.22196247,-2.73451168,30,Grassland,1768.44995117188,0.9179999828338623,0.7201714246400766,0.9701000273227691,2254.2369348099073,0.7784803905157415,1.2746964839554076,0.49621609343966605,1673.47384712338,0.5779190971051795,0.9462941521270856,0.3683750550219061
38.02698934,-3.557937803,30,Grassland,900.400024414062,0.8840000033378601,0.7201714246400766,0.9701000273227691,1105.2280017708806,0.3756962811140294,1.2274855306563446,0.8517892495423153,820.4861376863074,0.2789049771996835,0.9112462410474069,0.6323412638477235
38.43945858,-2.533982174,20,Shrubland,229.699996948242,0.9120000004768372,0.7845405420741519,0.975600004196167,267.0179373681447,0.08216618524586312,1.1624638263635307,1.0802976411176677,214.72570359296975,0.06607493156590118,0.9348093445615222,0.868734412995621
36.47172866,-1.665538836,30,Grassland,749.049987792969,0.6159999966621399,0.7201714246400766,0.9701000273227691,640.701330535085,0.21636334369986004,0.8553519003756656,0.6389885566758056,475.63630242711463,0.16062126902752386,0.6349860625838185,0.47436479355629463
37.7816401,-3.5990826,20,Shrubland,1022.65002441406,0.7919999957084656,0.7845405420741519,0.975600004196167,1032.3734358021811,0.3522924150372347,1.0095080537388068,0.6572156387015721,830.1955837059845,0.283300206102039,0.8118081101906347,0.5285079040885957
36.53831894,-1.729164581,30,Grassland,676.049987792969,0.7120000123977661,0.7201714246400766,0.9701000273227691,668.3791986479731,0.22475312847676265,0.9886535178115484,0.7639003893347857,496.1834719441265,0.1668495785678093,0.7339449462368393,0.5670953676690299
36.78423572,-1.49970457,30,Grassland,1487.0,0.7860000133514404,0.7201714246400766,0.9701000273227691,1622.9219597788397,0.5587362736737864,1.0914068324000266,0.5326705587262401,1204.8056766673174,0.4147880495583758,0.8102257408657144,0.39543769130733863
36.57737936,-1.619247937,20,Shrubland,878.450012207031,0.7519999742507935,0.7845405420741519,0.975600004196167,842.0143397737367,0.28599090101249147,0.9585227708725819,0.6725318698600903,677.1160144721244,0.22998304176257478,0.7708076783685482,0.5408246366059735
36.81719234,-2.445804883,20,Shrubland,1565.19995117188,0.9660000205039978,0.7845405420741519,0.975600004196167,1927.221225467256,0.6641429350771874,1.2312939468368418,0.5671510117596544,1549.7982558647807,0.5340785732463017,0.9901599183570331,0.45608134511073134
34.3256329,-0.068341999,20,Shrubland,2153.39990234375,0.6499999761581421,0.7845405420741519,0.975600004196167,1784.1141535934642,0.6179189536482242,0.8285103717389617,0.21059141809073748,1434.7169733108558,0.49690699955716056,0.6662566352628311,0.16934963570567055
39.42716758,-4.392553437,10,Tree Cover,1099.5,0.9020000100135803,0.9800357158694949,1.0,1011.9519063956201,0.3460106124472716,0.920374630646312,0.5743640181990405,991.7490110099316,0.3391027582682042,0.9020000100135803,0.5628972517453762
38.11733333,-2.102627833,20,Shrubland,1463.84997558594,0.843999981880188,0.7845405420741519,0.975600004196167,1574.793508571891,0.5420003639203501,1.0757888682831336,0.5337885043627834,1266.3892451372142,0.4358561474841471,0.8651086287925869,0.42925248130843974
35.23110833,-1.6351055,30,Grassland,2024.5,0.972000002861023,0.7201714246400766,0.9701000273227691,2732.424445715275,0.9455590335710523,1.3496786592814398,0.4041196257103874,2028.4650555291812,0.7019529709399648,1.001958535702238,0.3000055647622734
36.85969718,0.133747968,30,Grassland,936.450012207031,0.9160000085830688,0.7201714246400766,0.9701000273227691,1191.0889405921043,0.4053884786822307,1.2719194031349723,0.8665309244527417,884.2265694874105,0.3009475208767506,0.9442325355984138,0.6432850147216633
37.83103336,0.635995376,30,Grassland,789.849975585938,0.7720000147819519,0.7201714246400766,0.9701000273227691,846.6931232832699,0.2865062155375672,1.0719670183634098,0.7854608028258426,628.5580616987131,0.21269310751526846,0.7957942408397584,0.5831011333244899
36.45009,0.880661972,30,Grassland,796.599975585938,0.843999981880188,0.7201714246400766,0.9701000273227691,933.5699001058026,0.31600327791441696,1.1719431693669293,0.8559398914525125,693.0526193425143,0.23459078902885241,0.8700133574982104,0.6354225684693581
38.55332673,0.032848677,20,Shrubland,331.600006103516,0.47200000286102295,0.7845405420741519,0.975600004196167,199.4991914831873,0.06404028350928573,0.6016260187308602,0.5375857352215745,160.42968753217,0.0514987684736162,0.4838048389000585,0.4323060704264423
36.70319347,-1.576286246,30,Grassland,1061.40002441406,0.21199999749660492,0.7201714246400766,0.9701000273227691,312.44894593135905,0.10673246961418288,0.29437435344308077,0.1876418838288979,231.95216594279108,0.07923479283835257,0.2185341629993263,0.13929937016097374
35.36856763,1.797539798,20,Shrubland,776.650024414062,0.7839999794960022,0.7845405420741519,0.975600004196167,776.1148985448401,0.262457902310315,0.9993109819707716,0.7368530796604565,624.1221818340235,0.21105869625311788,0.8036080116071431,0.5925493153540252
35.47456015,-0.25193774,20,Shrubland,2588.5,0.6179999709129333,0.7845405420741519,0.975600004196167,2039.018812818638,0.7077847034773165,0.7877221606407719,0.07993745716345545,1639.7016377897357,0.5691736290995687,0.6334563020242363,0.0642826729246677
34.1764895,-0.989705874,30,Grassland,2180.30004882812,0.8880000114440918,0.7201714246400766,0.9701000273227691,2688.3966817741225,0.9312656385891593,1.2330397750617386,0.3017741364725793,1995.7802430478112,0.6913420088359216,0.9153695355465017,0.22402752671058027
39.77226198,-3.033764783,20,Shrubland,1282.80004882812,0.9020000100135803,0.7845405420741519,0.975600004196167,1474.85769674733,0.5061929003891681,1.1497175246404623,0.6435246242512942,1186.0246534559533,0.40706114263766763,0.9245592518798434,0.5174981092421759
34.5339726,0.2236934,20,Shrubland,1931.69995117188,0.8960000276565552,0.7845405420741519,0.975600004196167,2206.136097311567,0.7629163135207344,1.1420697588014113,0.379153445280677,1774.0910231957653,0.6135083800659973,0.9184092084899106,0.3049008284239133
36.66058939,-1.678013261,20,Shrubland,962.400024414062,0.765999972820282,0.7845405420741519,0.975600004196167,939.6562102379318,0.32008178660980596,0.9763676084796679,0.656285821869862,755.6359054660063,0.25739763970360463,0.7851578203419728,0.527760180638368
35.38830278,1.652886111,10,Tree Cover,967.299987792969,0.949999988079071,0.9800357158694949,1.0,937.6545793098165,0.3194489752589292,0.9693524151170594,0.6499034398581301,918.9349768722061,0.3130714051516612,0.949999988079071,0.6369285829274098
38.35173,-2.682811667,10,Tree Cover,806.349975585938,0.8700000047683716,0.9800357158694949,1.0,715.815221062984,0.24240359776358297,0.8877227540595306,0.6453191562959475,701.5244826047423,0.23756418346357414,0.8700000047683716,0.6324358213047974
36.526184,-1.8912603,20,Shrubland,2365.85009765625,0.8399999737739563,0.7845405420741519,0.975600004196167,2533.092827466051,0.8783730945599891,1.070690332399116,0.19231723783912671,2037.017231894934,0.7063543468485685,0.8610085795008411,0.15465423265227254
35.21745897,0.413712,10,Tree Cover,2253.35009765625,0.8299999833106995,0.9800357158694949,1.0,1908.3799836708235,0.6613482215318749,0.8469078931213414,0.18555967158946648,1870.2805434478505,0.6481448777280083,0.8299999833106995,0.18185510558269116
37.707146,0.665154,10,Tree Cover,1534.15002441406,0.9240000247955322,0.9800357158694949,1.0,1446.4316326890116,0.49827146410361944,0.9428228072032585,0.44455134309963906,1417.5546605986578,0.488323831020132,0.9240000247955322,0.43567619377540023
34.31139917,0.250566416,20,Shrubland,1804.40002441406,0.9259999990463257,0.7845405420741519,0.975600004196167,2129.7489820847077,0.7357279095519876,1.1803086639706168,0.4445807544186292,1712.6634006764946,0.5916444962037309,0.9491594865349466,0.35751499033121587
34.13444435,0.249098138,20,Shrubland,2320.10009765625,0.7620000243186951,0.7845405420741519,0.975600004196167,2253.441646446835,0.7812149458570682,0.9712691485696014,0.19005420271253318,1812.132352636182,0.6282234465590437,0.7810578321455985,0.15283438558655488
36.95757254,0.452968357,20,Shrubland,984.599975585938,0.8640000224113464,0.7845405420741519,0.975600004196167,1084.321784981836,0.36961256210540316,1.1012815477032216,0.7316689855978183,871.9704769511354,0.2972284118330967,0.8856088752513158,0.5883804634182191
39.99515,-2.784307972,10,Tree Cover,1765.90002441406,0.8939999938011169,0.9800357158694949,1.0,1610.8745684629612,0.5562879370626135,0.9122116462949043,0.3559237092322908,1578.7146108795619,0.5451820466287229,0.8939999938011169,0.34881794717239406
37.8393898,-1.376794338,40,Cropland,2216.60009765625,0.6600000262260437,0.8892500102519989,0.9620000123977661,1645.1572737921006,0.5700082867878763,0.7421985028023902,0.17219021601451384,1520.744390573745,0.5269021500389124,0.6860707044909559,0.15916855445204348
38.3612192,0.844219512,20,Shrubland,777.0,0.14800000190734863,0.7845405420741519,0.975600004196167,146.5775129708222,0.049568797004155805,0.18864544783889603,0.13907665083474022,117.87207973288126,0.03986134758542346,0.1517015183177365,0.11184017073231305
38.49465833,-3.261621667,40,Cropland,1364.05004882812,0.8999999761581421,0.8892500102519989,0.9620000123977661,1380.5397776446762,0.47445828393721684,1.0120888004298103,0.5376305164925934,1276.138249067107,0.4385779921184288,0.9355508987103959,0.4969729065919671
38.02761117,0.090713833,40,Cropland,1015.29998779297,0.7760000228881836,0.8892500102519989,0.9620000123977661,885.9969689991311,0.3022798642519182,0.8726455034487747,0.5703656391968565,818.9945983492867,0.27942034191351667,0.8066528200493666,0.5272324781358498
37.90619284,-0.023484416,20,Shrubland,1672.5,0.9580000042915344,0.7845405420741519,0.975600004196167,2042.284523552579,0.7046265117284118,1.2210968750688065,0.5164703633403948,1642.327798571248,0.5666339310101849,0.9819598197735414,0.41532588876335663
36.916321,2.819814,30,Grassland,546.400024414062,0.5979999899864197,0.7201714246400766,0.9701000273227691,453.70754510495686,0.15098476264451918,0.8303578419336548,0.6793730792891356,336.81805991690186,0.11208628857864077,0.6164312680587676,0.5043449794801268
37.35782325,0.647165723,30,Grassland,1590.44995117188,0.871999979019165,0.7201714246400766,0.9701000273227691,1925.7530590665065,0.6638309927329099,1.210822797440163,0.5469918047072532,1429.6178589751496,0.49280702844226715,0.8988763575501225,0.40606932910785537
38.08276117,0.780021667,20,Shrubland,1033.5,0.765999972820282,0.7845405420741519,0.975600004196167,1009.0759233637368,0.34444513807117455,0.9763676084796679,0.6319224704084934,811.4606073234289,0.27698972342647626,0.7851578203419728,0.5081680969154965
36.46082137,-0.985528181,30,Grassland,820.099975585938,0.8299999833106995,0.7201714246400766,0.9701000273227691,945.1679735691007,0.32026678383640206,1.1525033553303123,0.8322365714939103,701.6626604247672,0.23775588030533767,0.8555818574722543,0.6178259771669166
35.16146333,0.182493333,10,Tree Cover,1923.65002441406,0.8659999966621399,0.9800357158694949,1.0,1699.8165349960939,0.587786528475452,0.8836412618838266,0.2958547334083747,1665.8809147217012,0.5760517912128849,0.8659999966621399,0.2899482054492551
36.55391693,-1.492383978,30,Grassland,750.150024414062,0.9200000166893005,0.7201714246400766,0.9701000273227691,958.2968878907266,0.3236332553030925,1.277473647540366,0.9538403922372737,711.4091491008642,0.2402550417153909,0.9483558300975087,0.7081007883821178
36.80093897,-0.749781972,10,Tree Cover,800.0,0.9919999837875366,0.9800357158694949,1.0,809.7663933869405,0.27414004406459974,1.0122079917336757,0.7380679476690759,793.5999870300293,0.2686670343333449,0.9919999837875366,0.7233329494541917
36.9620157,-1.057128342,10,Tree Cover,2205.0,0.8759999871253967,0.9800357158694949,1.0,1970.9281410196238,0.6828337675053754,0.8938449619136616,0.21101119440828628,1931.5799716114998,0.6692014801569948,0.8759999871253967,0.206798506968402
36.4929384,-1.2696537,30,Grassland,1569.80004882812,0.46799999475479126,0.7201714246400766,0.9701000273227691,1020.1271384584564,0.3515666912958345,0.6498452711987092,0.2982785799028746,757.3099617831418,0.2609919367029138,0.4824244733260682,0.22143253662315435
36.01108517,1.410928472,20,Shrubland,540.950012207031,0.5979999899864197,0.7845405420741519,0.975600004196167,412.32808826899765,0.1371389986031116,0.7622295571946349,0.6250905585915233,331.5786187900768,0.11028198425669322,0.6129561166608789,0.5026741324041857
35.44532013,3.355076551,30,Grassland,1673.80004882812,0.6940000057220459,0.7201714246400766,0.9701000273227691,1612.9732501464118,0.5565135003084575,0.9636594593695377,0.4071459590610802,1197.4200708663477,0.4131379332651326,0.7153901517117884,0.30225221844665584
36.11521111,-0.209486111,20,Shrubland,1823.30004882812,0.843999981880188,0.7845405420741519,0.975600004196167,1961.4858960693853,0.6777128599798471,1.0757888682831336,0.39807600830328654,1577.3526051191513,0.544990992468573,0.8651086287925869,0.3201176363240139
38.580313,-0.807658,20,Shrubland,1133.44995117188,0.8320000171661377,0.7845405420741519,0.975600004196167,1202.0161205930774,0.4113233543898534,1.0604933366050318,0.6491699822151784,966.6158003032808,0.3307706498901242,0.852808542012721,0.5220378921225968
38.52035014,0.903951292,20,Shrubland,784.799987792969,0.6880000233650208,0.7845405420741519,0.975600004196167,688.2275433605281,0.23282853379595814,0.8769464246501534,0.6441178908541952,553.4465022715013,0.18723188123099094,0.7052070729867304,0.5179751917557394
37.913347,-0.471909,30,Grassland,2162.05004882812,0.9419999718666077,0.7201714246400766,0.9701000273227691,2828.0087427630906,0.9795187743927952,1.3080218676232473,0.3285030932304522,2099.4237994105915,0.7271636030801338,0.9710338576799029,0.24387025459976905
36.726525,0.430721667,20,Shrubland,1109.5,0.9259999990463257,0.7845405420741519,0.975600004196167,1309.5524626753993,0.44787399644884945,1.1803086639706168,0.7324346675217673,1053.0924503105234,0.360163290737589,0.9491594865349466,0.5889961957973577
37.59106152,0.193408398,40,Cropland,1168.44995117188,0.9340000152587891,0.8892500102519989,0.9620000123977661,1227.2502216945734,0.42028045466899866,1.0503233112070571,0.6300428565380585,1134.4410167974356,0.38849729085927576,0.9708939742431109,0.5823966833838351
34.714632,-0.520217972,30,Grassland,2120.60009765625,0.49399998784065247,0.7201714246400766,0.9701000273227691,1454.6209230401305,0.5036968607848329,0.6859477770692459,0.18225091628441298,1079.8643366170395,0.37392853891494104,0.5092258261284329,0.1352972872134919
36.82789446,-0.662759302,20,Shrubland,2295.5,0.9639999866485596,0.7845405420741519,0.975600004196167,2820.5833232039868,0.9777001581189947,1.2287446409078573,0.2510444827888628,2268.2061908917553,0.7862294062500105,0.9881098631634744,0.20188045691346393
36.22811167,-0.377108333,30,Grassland,2032.80004882812,0.9240000247955322,0.7201714246400766,0.9701000273227691,2608.139161395181,0.9026021936540276,1.28302789194576,0.38042569829173256,1936.1996109877405,0.6700631784136664,0.9524791245966034,0.2824159461829371
36.001255,0.467396,30,Grassland,2350.75,0.8840000033378601,0.7201714246400766,0.9701000273227691,2885.511611190402,1.0004997169709073,1.2274855306563446,0.22698581368543738,2142.112101142192,0.7427391879489129,0.9112462410474069,0.1685070530984941
36.7870803,-1.039495255,10,Tree Cover,2525.89990234375,0.8659999966621399,0.9800357158694949,1.0,2231.9893770992658,0.77455644449136,0.8836412618838266,0.10908481739246671,2187.429306998587,0.7590929795584207,0.8659999966621399,0.10690701710371925
37.683333,-3.4,40,Cropland,2185.55004882812,0.9300000071525574,0.8892500102519989,0.9620000123977661,2285.7031629006437,0.7917968621800712,1.0458251295257344,0.2540282673456632,2112.8498283241224,0.7319182523253405,0.9667359617122567,0.23481770938691632
36.75838167,-2.1683,30,Grassland,2000.15002441406,0.7979999780654907,0.7201714246400766,0.9701000273227691,2216.305203178272,0.766822928723734,1.1080694828516848,0.34124655412795074,1645.3145352598303,0.569264968015413,0.8225955629212474,0.25333059490583437
38.66895674,0.943976836,30,Grassland,894.400024414062,0.6679999828338623,0.7201714246400766,0.9701000273227691,829.6069248426435,0.2819439845073071,0.9275569121167392,0.645612927609432,615.8738110790862,0.20930625221368998,0.688588768188548,0.479282515974858
34.70885278,-0.426691667,10,Tree Cover,2463.85009765625,0.22599999606609344,0.9800357158694949,1.0,568.173285280458,0.19711415444932712,0.23060383658118477,0.033489682131857657,556.8301123777564,0.1931789114637565,0.22599999606609344,0.03282108460233695
37.00421,0.8598545,30,Grassland,1789.25,0.7799999713897705,0.7201714246400766,0.9701000273227691,1937.8927031250093,0.6693602871872781,1.083075424409674,0.41371513722239595,1438.6299448528946,0.4969118008907808,0.8040407683961965,0.30712896750541574
40.74547596,-2.152130257,30,Grassland,905.75,0.9480000138282776,0.7201714246400766,0.9701000273227691,1192.2869793870182,0.4053676178668334,1.3163532756135998,0.9109856577467664,885.1159554078379,0.30093203447048245,0.9772188301494208,0.6762867956789382
35.44880558,2.492806911,20,Shrubland,873.549987792969,0.5099999904632568,0.7845405420741519,0.975600004196167,567.8616483805425,0.19283868709841614,0.6500619956681009,0.4572233085696847,456.6528121437073,0.15507356238042702,0.5227552155285862,0.3676816531481591
37.34464722,-0.981616667,30,Grassland,2281.25,0.9520000219345093,0.7201714246400766,0.9701000273227691,3015.6015300433296,1.0452179091757596,1.3219075200189938,0.276689610843234,2238.686721854426,0.7759365524272691,0.9813421246485156,0.20540557222124647
34.53808095,-0.999030658,40,Cropland,2499.69995117188,0.8659999966621399,0.8892500102519989,0.9620000123977661,2434.3436878429134,0.8446781519067533,0.9738543566805579,0.12917620477380454,2250.2496065209266,0.7808004631627218,0.9002078851367703,0.11940742197404854
37.09741667,0.426475,20,Shrubland,1647.75,0.7540000081062317,0.7845405420741519,0.975600004196167,1583.6065145497807,0.5462327297228609,0.9610720768015661,0.4148393470787053,1273.4763304769617,0.4392596556295717,0.772857733562107,0.3335980779325353
37.07924829,-1.004162632,10,Tree Cover,2584.0,0.8980000019073486,0.9800357158694949,1.0,2367.7014698080516,0.821861285669107,0.9162931384706081,0.09443185280150106,2320.432004928589,0.8054534134461467,0.8980000019073486,0.09254658846120185
34.79353333,-1.411838889,30,Grassland,1408.5,0.9319999814033508,0.7201714246400766,0.9701000273227691,1822.7909757217662,0.6268682261622045,1.2941362979920243,0.6672680718298198,1353.1820810575591,0.46536704544038365,0.9607256521530416,0.4953586067126579
38.12975745,-2.974938686,20,Shrubland,290.399993896484,0.8059999942779541,0.7845405420741519,0.975600004196167,298.34327337638246,0.09450197290319223,1.027352891345893,0.9328509184427006,239.91635138597266,0.07599490439694541,0.8261582521640591,0.7501633477671138
36.65098667,-0.328765,30,Grassland,160.0,0.8659999966621399,0.7201714246400766,0.9701000273227691,192.39863555429343,0.05558044227400252,1.2024914722143338,1.1469110299403313,142.83063144357698,0.04126115366171009,0.8926914465223561,0.8514302928606459
38.458553,-2.999186,30,Grassland,1825.34997558594,0.628000020980835,0.7201714246400766,0.9701000273227691,1591.7318901374608,0.5499689157037272,0.8720146335918472,0.3220457178881201,1181.6511603745544,0.4082794416810498,0.6473559460811029,0.2390765044000531
37.50279234,-0.990925982,40,Cropland,2382.14990234375,0.8539999723434448,0.8892500102519989,0.9620000123977661,2287.7210315049633,0.7933538970077492,0.9603598116365893,0.1670059146288403,2114.715098234677,0.733357538415394,0.8877338475442081,0.15437630912881425
36.40600333,0.576561667,30,Grassland,848.75,0.9240000247955322,0.7201714246400766,0.9701000273227691,1088.9699232889639,0.3694387389130553,1.28302789194576,0.9135891530327048,808.4166570013672,0.2742595767722062,0.9524791245966034,0.6782195478243973
35.8535456,-1.851262947,30,Grassland,1384.90002441406,0.8399999737739563,0.7201714246400766,0.9701000273227691,1615.3320506555197,0.5553278111767744,1.1663889249615353,0.611061113784761,1199.1711693873672,0.4122577153421407,0.8658900629991155,0.4536323476569749
36.41806003,-0.594295783,10,Tree Cover,1142.90002441406,0.9079999923706055,0.9800357158694949,1.0,1058.8932593417057,0.3624242141665594,0.9264968385004431,0.5640726243338836,1037.7532134483313,0.35518867417916317,0.9079999923706055,0.5528113181914422
37.62143234,-0.067800978,10,Tree Cover,2090.39990234375,0.9940000176429749,0.9800357158694949,1.0,2120.1855260622515,0.7340208671510476,1.0142487682309524,0.28022790107990464,2077.8575398105604,0.7193666660015244,0.9940000176429749,0.27463335164145036
37.036407,3.299662,30,Grassland,1555.44995117188,0.7559999823570251,0.7201714246400766,0.9701000273227691,1632.8336496145653,0.56262859205693,1.0497500407418343,0.48712144868490415,1212.1638001479284,0.41767758300460944,0.7793010628433792,0.36162347983876975
37.30999243,0.827018361,30,Grassland,1511.80004882812,0.2840000092983246,0.7201714246400766,0.9701000273227691,596.1792057203221,0.2053166879753226,0.39435056651999295,0.18903387854467033,442.58449214695366,0.15242058294713717,0.2927533257390919,0.14033274279195473
40.8952043,-2.145884021,30,Grassland,2267.89990234375,0.8539999723434448,0.7201714246400766,0.9701000273227691,2689.3408813703218,0.9320659165326624,1.1858287389981523,0.2537628224654898,1996.4811868156573,0.6919361097435064,0.8803215630250717,0.18838545328156517
36.867005,0.663503333,30,Grassland,1051.09997558594,0.9259999990463257,0.7201714246400766,0.9701000273227691,1351.509575482828,0.46155135046792234,1.2858049727661953,0.824253622298273,1003.3177496925617,0.3426410516948073,0.9545407411252751,0.6118996894304679
36.9396368,-0.917520304,10,Tree Cover,2529.19995117188,0.8799999952316284,0.9800357158694949,1.0,2271.035543838763,0.788118097894772,0.8979264540893654,0.10980835619459346,2225.6959449710894,0.7723838842600076,0.8799999952316284,0.10761611097162088
37.95456359,1.319221318,20,Shrubland,81.0500030517578,0.6600000262260437,0.7845405420741519,0.975600004196167,68.18386210909813,0.0155741829718785,0.8412567494359813,0.8256825664641028,54.830877316217254,0.012524167587706116,0.6765067890398814,0.6639826214521752
39.767592,-2.711665397,10,Tree Cover,733.049987792969,0.9240000247955322,0.9800357158694949,1.0,691.1362473112814,0.23319507437899475,0.9428228072032585,0.7096277328242637,677.338206897068,0.22853950165625822,0.9240000247955322,0.695460523139274
35.53142,-0.328689,20,Shrubland,1863.94995117188,0.9819999933242798,0.7845405420741519,0.975600004196167,2333.083813321371,0.8063807961821986,1.251688014398961,0.44530721821676256,1876.1775643038372,0.6484608694484606,1.0065600544286446,0.35809918498018406
36.36812327,0.063959737,40,Cropland,2593.75,0.4180000126361847,0.8892500102519989,0.9620000123977661,1219.2156539507523,0.4232239016892187,0.47005904730631415,0.046835145617095474,1127.0140528094048,0.39121814351954015,0.43451144204699943,0.04329329852745927
38.20861816,-2.452108623,10,Tree Cover,1351.55004882812,0.5460000038146973,0.9800357158694949,1.0,752.9790188934047,0.25873005282932604,0.5571225568348619,0.29839250400553585,737.9463318159078,0.2535646925415408,0.5460000038146973,0.2924353112731565
37.70497833,-2.56402,40,Cropland,671.950012207031,0.7940000295639038,0.8892500102519989,0.9620000123977661,599.9756237356185,0.2016975568897155,0.8928872875007302,0.6911897306110147,554.603246031192,0.18644444097763832,0.8253638454586651,0.6389194044810269
38.09905804,-0.722515283,20,Shrubland,1651.90002441406,0.7099999785423279,0.7845405420741519,0.975600004196167,1494.950125569419,0.5156751569735171,0.9049882580513235,0.38931310107780653,1202.1822230868145,0.4146864139463745,0.7277572524482748,0.3130708385019003
39.15408891,-2.120863885,20,Shrubland,44.0,0.8220000267028809,0.7845405420741519,0.975600004196167,46.100869534806385,0.005773116607784514,1.0477470348819633,1.0419739182741787,37.072571770565865,0.004642521538999339,0.8425584493310423,0.837915927792043
35.79994167,-0.841913333,10,Tree Cover,434.899993896484,0.9819999933242798,0.9800357158694949,1.0,435.7716603462511,0.1429852259321645,1.0020042917038408,0.8590190657716763,427.0717911030766,0.14013062825519032,0.9819999933242798,0.8418693650690895
36.48975372,1.614215,30,Grassland,308.75,0.15199999511241913,0.7201714246400766,0.9701000273227691,65.16503833016401,0.020773867151181118,0.21106085289121945,0.19028698574003833,48.37645311739073,0.015421858653934554,0.15668486839640722,0.14126300974247266
37.63666667,-3.000555556,40,Cropland,1536.59997558594,0.8500000238418579,0.8892500102519989,0.9620000123977661,1468.7770602480139,0.5059842504357631,0.955861696983261,0.4498774465474979,1357.7027017161815,0.46771984832502184,0.8835758969724434,0.4158560486474216
36.03515579,-1.581830411,10,Tree Cover,834.150024414062,0.972000002861023,0.9800357158694949,1.0,827.3104877587532,0.28049995927128374,0.9918005916740059,0.711300632402722,810.7938261169907,0.2748999783857967,0.972000002861023,0.6971000244752261
37.6344318,0.914839426,20,Shrubland,595.700012207031,0.6539999842643738,0.7845405420741519,0.975600004196167,496.5808364468985,0.16599916510129328,0.8336089076229792,0.6676097425216859,399.3314851722263,0.13349023617494665,0.6703566845545769,0.5368664483796302
36.08934056,0.855498674,30,Grassland,1321.05004882812,0.9139999747276306,0.7201714246400766,0.9701000273227691,1676.6004175273752,0.5758098334386823,1.2691422395500136,0.6933324061113313,1244.6548574738888,0.42746291762687394,0.9421708576279907,0.5147079400011167
40.68519814,-2.399784122,10,Tree Cover,2335.0,0.8759999871253967,0.9800357158694949,1.0,2087.1279860684,0.7236149453179288,0.8938449619136616,0.17023001659573275,2045.4599699378014,0.7091684909485217,0.8759999871253967,0.16683149617687495
37.87514961,1.857379033,30,Grassland,1507.40002441406,0.6340000033378601,0.7201714246400766,0.9701000273227691,1327.0335198145842,0.45698835668865156,0.8803459588176763,0.42335760212902473,985.1475039614953,0.339253630152608,0.6535408571088693,0.3142872269562613
38.85833411,-3.24876012,30,Grassland,932.150024414062,0.6940000057220459,0.7201714246400766,0.9701000273227691,898.2751885781563,0.3056850356158588,0.9636594593695377,0.6579744237536788,666.8509473837231,0.2269308539225299,0.7153901517117884,0.4884592977892585
37.74353027,2.515061053,30,Grassland,1344.94995117188,0.10999999940395355,0.7201714246400766,0.9701000273227691,205.4295529723261,0.07057994911206793,0.15274141078136885,0.08216146166930093,152.50437033338054,0.05239631076327158,0.11339036831853902,0.060994057555267434
37.15718079,-1.294611931,30,Grassland,1680.59997558594,0.8059999942779541,0.7201714246400766,0.9701000273227691,1880.8904718522733,0.6489963672386674,1.1191779716624726,0.47018160442380513,1396.3133002315756,0.4817942740094338,0.830842151919437,0.3490478779100032
37.32028645,0.98059115,30,Grassland,2273.80004882812,0.8799999952316284,0.7201714246400766,0.9701000273227691,2778.4274183420193,0.9629729086209172,1.2219312862509508,0.25895837763003365,2062.6162001546604,0.7148804782587465,0.9071229465483122,0.1922424682895657
37.15409841,0.298478892,30,Grassland,888.599975585938,0.800000011920929,0.7201714246400766,0.9701000273227691,987.0983029033224,0.33539627499406166,1.1108466464366435,0.7754503714425819,732.7904041231053,0.2489875336340783,0.8246572408916705,0.5756697072575923
36.885,0.968333,10,Tree Cover,883.650024414062,0.8119999766349792,0.9800357158694949,1.0,732.1404593312448,0.24872085488108295,0.8285412087400987,0.5798203538590158,717.5237991777173,0.24375532106505488,0.8119999766349792,0.5682446555699243
36.3907625,-1.0576584,30,Grassland,1525.75,0.19200000166893005,0.7201714246400766,0.9701000273227691,406.76982246661066,0.14011089050838538,0.26660319348950395,0.12649230298111858,301.97298659481686,0.1040138715421778,0.1979177365851659,0.0939038650429881
36.03379531,1.001810037,20,Shrubland,1187.84997558594,0.828000009059906,0.7845405420741519,0.975600004196167,1253.6506882699846,0.4294955192693159,1.055394800721014,0.6258992814516983,1008.1383623581903,0.3453840160482569,0.8487084927209753,0.5033244766727183
37.843675,1.129136167,20,Shrubland,100.900001525879,0.8519999980926514,0.7845405420741519,0.975600004196167,109.57598300824607,0.027670375494205292,1.0859859400511687,1.0583155645569635,88.11685192480977,0.022251467093325417,0.8733087273760785,0.851057260282753
36.21354032,-0.87246073,10,Tree Cover,1055.94995117188,0.972000002861023,0.9800357158694949,1.0,1047.291786350408,0.3577039903914372,0.9918005916740059,0.6340966012825688,1026.3833555601643,0.3505626862926471,0.972000002861023,0.621437316568376
36.64905833,-1.923244444,20,Shrubland,1143.55004882812,0.9139999747276306,0.7845405420741519,0.975600004196167,1332.2507374384911,0.45599203783883635,1.1650130563185639,0.7090210184797276,1071.3455424693907,0.36669151189922,0.9368593386597093,0.5701678267604894
36.5695917,0.6640183,30,Grassland,964.0,0.7400000095367432,0.7201714246400766,0.9701000273227691,990.54195263293,0.33743232599830536,1.027533145884782,0.6901008198864768,735.3468602223563,0.2504990331816174,0.7628079462887515,0.512308913107134
35.28144089,-1.33755698,30,Grassland,1210.80004882812,0.9359999895095825,0.7201714246400766,0.9701000273227691,1573.6653721962396,0.5393806247390992,1.2996905423974183,0.760309917658319,1168.2391517181668,0.4004190310288165,0.9648489466521364,0.5644299156233199
35.976825,-0.158877833,40,Cropland,1414.94995117188,0.8420000076293945,0.8892500102519989,0.9620000123977661,1339.7670575728357,0.46079660764801866,0.9468653336206153,0.4860687259725967,1238.448913022801,0.4259494623641009,0.8752598719107353,0.44931040954663437
36.0023225,-0.4253584,40,Cropland,1402.59997558594,0.9620000123977661,0.8892500102519989,0.9620000123977661,1517.3474032577305,0.5217794293571113,1.0818105159483227,0.5600310865912113,1402.59997558594,0.48232053734448666,1.0,0.5176794626555133
36.55273106,0.277924044,40,Cropland,1372.90002441406,0.9620000123977661,0.8892500102519989,0.9620000123977661,1485.2176837568388,0.5105032714286449,1.0818105159483227,0.5713072445196777,1372.90002441406,0.4718971242215502,1.0,0.5281028757784498
37.71759,-0.47433,10,Tree Cover,1917.59997558594,0.6039999723434448,0.9800357158694949,1.0,1181.824614618364,0.4086487270128631,0.6163040413354441,0.20765531432258108,1158.2303322196983,0.4004903477172091,0.6039999723434448,0.20350962462623573
37.4623039,-0.7171197,40,Cropland,1894.25,0.8679999709129333,0.8892500102519989,0.9620000123977661,1848.9838919831805,0.6392195511423947,0.9761034140072221,0.3368838628648274,1709.1568853556098,0.5908794023711725,0.9022868604226527,0.3114074580514802
38.65829858,-2.754157101,20,Shrubland,47.7000007629395,0.7599999904632568,0.7845405420741519,0.975600004196167,46.20793723303206,0.006595597966008584,0.9687198426406171,0.9621242446746086,37.15867155494811,0.0053039298701305585,0.7790077769520399,0.7737038470819094
39.01822,-3.183175,30,Grassland,1467.90002441406,0.15000000596046448,0.7201714246400766,0.9701000273227691,305.7397237352452,0.10523287905187881,0.20828375137965338,0.10305087232777457,226.97145264404324,0.078121544470953,0.15462323650729767,0.07650169203634469
35.82122421,-1.956080318,20,Shrubland,891.200012207031,0.9700000286102295,0.7845405420741519,0.975600004196167,1101.8729956935113,0.374430352766631,1.2363924827208594,0.8619621299542284,886.084495305554,0.3011026964586628,0.9942599676487789,0.693157271190116
34.98892423,-0.766627511,10,Tree Cover,2467.35009765625,0.9179999828338623,0.9800357158694949,1.0,2311.1681652173434,0.8018178245502888,0.9367005385302779,0.13488271397998902,2265.027347293566,0.7858101056800634,0.9179999828338623,0.13218987715379887
39.30265974,-3.285126711,20,Shrubland,824.25,0.9120000004768372,0.7845405420741519,0.975600004196167,958.1608088801402,0.32472778526502255,1.1624638263635307,0.8377360410985082,770.5166022548347,0.2611337757099207,0.9348093445615222,0.6736755688516015
37.46674,2.612254,30,Grassland,174.199996948242,0.05999999865889549,0.7201714246400766,0.9701000273227691,14.51321064078287,0.004266039341768746,0.08331349537907863,0.0790474560373099,10.774146262132364,0.0031669720068052444,0.06184929076280961,0.05868231875600437
37.53624444,0.959136773,20,Shrubland,880.900024414062,0.7379999756813049,0.7845405420741519,0.975600004196167,828.6432143793446,0.2814754441745307,0.9406779332654958,0.6592024890909651,666.3634622786658,0.22635188253735003,0.7564575363951238,0.5301056538577738
38.6719444,-0.8797222,30,Grassland,1257.94995117188,0.9020000100135803,0.7201714246400766,0.9701000273227691,1575.5566379500526,0.5405132815927339,1.2524795890983553,0.7119663075056214,1169.6431672979368,0.4012598794742717,0.9298010355724577,0.528541156098186
38.47005,-3.1024695,20,Shrubland,1924.0,0.7540000081062317,0.7845405420741519,0.975600004196167,1849.1026757662132,0.6394105317635854,0.9610720768015661,0.3216615450379807,1486.978279373494,0.5141897120132217,0.772857733562107,0.25866802154888524
36.40185358,-1.789910729,30,Grassland,691.200012207031,0.8040000200271606,0.7201714246400766,0.9701000273227691,771.6563093779565,0.25973018063242154,1.1164008908420373,0.8566707102096158,572.8531161790467,0.1928154303059725,0.8287805353907653,0.6359651050847928
38.0208151,-0.5036955,10,Tree Cover,1419.40002441406,0.31200000643730164,0.9800357158694949,1.0,451.87416089360636,0.15542657393439213,0.3183557511069818,0.16292917717258965,442.8528167542928,0.15232359365093498,0.31200000643730164,0.15967641278636666
35.45821667,-1.360183333,10,Tree Cover,702.900024414062,0.8579999804496765,0.9800357158694949,1.0,615.3737026515183,0.20727453213848887,0.8754782775324189,0.6682037453939301,603.0882072053424,0.20313644448585857,0.8579999804496765,0.654863535963818
37.99515338,-0.771858765,20,Shrubland,1424.84997558594,0.8840000033378601,0.7845405420741519,0.975600004196167,1605.4841217560318,0.5522650666464126,1.1267741511493585,0.5745090845029458,1291.0694728950161,0.44411063232045084,0.9061090606146732,0.46199842829422233
36.718775,1.089125,20,Shrubland,1985.90002441406,0.9279999732971191,0.7845405420741519,0.975600004196167,2349.037520425312,0.8126634922601018,1.18285789392565,0.3701944016655482,1889.0069308122258,0.6535131754811021,0.9512094806331338,0.29769630515203166
36.27913449,0.028408447,10,Tree Cover,1805.84997558594,0.871999979019165,0.9800357158694949,1.0,1606.7793401035524,0.5550736442949187,0.8897634697379577,0.334689825443039,1574.7011408226995,0.54399199634686,0.871999979019165,0.328007982672305
35.76099014,-1.155596137,30,Grassland,2202.05004882812,0.9380000233650208,0.7201714246400766,0.9701000273227691,2868.0990755555426,0.9936439316852599,1.3024677059823768,0.308823774297117,2129.185588162535,0.7376496708711564,0.9669106246225595,0.22926095375140307
38.23989,-2.11412,20,Shrubland,1673.90002441406,0.9120000004768372,0.7845405420741519,0.975600004196167,1945.8482273303755,0.6713638433263175,1.1624638263635307,0.4910999830372132,1564.7773846840234,0.5398853539429747,0.9348093445615222,0.3949239906185476
38.69663966,-2.931512385,30,Grassland,92.4499969482422,0.07199999690055847,0.7201714246400766,0.9701000273227691,9.242798680962354,0.002250854661874915,0.09997619238578127,0.09772533772390636,6.861559948719988,0.0016709629552055256,0.07421914737932775,0.07254818442412223
35.057287,-1.1872597,10,Tree Cover,1237.05004882812,0.8799999952316284,0.9800357158694949,1.0,1110.7799638753104,0.38091799281171146,0.8979264540893654,0.5170084612776541,1088.6040370700314,0.37331323777279674,0.8799999952316284,0.5066867574588317
36.46097333,-0.199171666,30,Grassland,1548.19995117188,0.9879999756813049,0.7201714246400766,0.9701000273227691,2123.9686299301325,0.7317963948622884,1.3718955541384918,0.6400991592762034,1576.7667982950004,0.5432623826317015,1.0184516522568658,0.4751892696251644
35.32613333,-1.707171667,10,Tree Cover,1232.34997558594,0.7820000052452087,0.9800357158694949,1.0,983.329149914846,0.3371813786019361,0.797930108650594,0.46074873004865785,963.6976873721379,0.33044979375601163,0.7820000052452087,0.45155021148919705
35.22388667,0.102655,10,Tree Cover,2366.10009765625,0.9760000109672546,0.9800357158694949,1.0,2356.356695850908,0.817089270468087,0.9958820838497098,0.17879281338162284,2309.3137212621223,0.8007766681124749,0.9760000109672546,0.17522334285477975
37.28933667,0.108372167,30,Grassland,1188.44995117188,0.9240000247955322,0.7201714246400766,0.9701000273227691,1524.8144355350985,0.522401529397624,1.28302789194576,0.7606263625481361,1131.9737691190683,0.3878142903456153,0.9524791245966034,0.5646648342509881
38.04736722,0.384341576,20,Shrubland,1548.15002441406,0.8299999833106995,0.7845405420741519,0.975600004196167,1637.8560769198318,0.5643098658770239,1.0579440306760475,0.4936341647990235,1317.101772139555,0.45379660328899757,0.8507584868191623,0.3969618835301648
37.7135,1.056002833,20,Shrubland,1459.59997558594,0.8119999766349792,0.7845405420741519,0.975600004196167,1510.6869339585758,0.5199068091057176,1.0350006571849437,0.5150938480792261,1214.837167870582,0.4180893481851882,0.8323082955539921,0.4142189473688038
36.89540862,-0.300514813,40,Cropland,1986.55004882812,0.8939999938011169,0.8892500102519989,0.9620000123977661,1997.1613279314613,0.6909331003411424,1.0053415614218233,0.3144084610806809,1846.1285950624504,0.6386821815421767,0.9293139108936594,0.29063172935148285
38.11483193,-2.754346598,30,Grassland,771.5,0.8659999966621399,0.7201714246400766,0.9701000273227691,927.7221708133586,0.3136475664476011,1.2024914722143338,0.8888439057667328,688.7114509919977,0.232841983714642,0.8926914465223561,0.6598494628077141
38.174845,-3.158027,20,Shrubland,184.350006103516,0.9359999895095825,0.7845405420741519,0.975600004196167,219.93969020746093,0.06533989924704145,1.1930549656936853,1.1277150664466438,176.8671617843566,0.05254387018640992,0.9594095792166254,0.9068657090302155
36.81440984,0.578264206,30,Grassland,798.849975585938,0.921999990940094,0.7201714246400766,0.9701000273227691,1022.7282630949055,0.3462183312001996,1.2802507283608013,0.9340323971606017,759.2409540337737,0.2570214841711359,0.9504174466261803,0.6933959624550444
35.89317,0.887836667,20,Shrubland,1084.44995117188,0.8880000114440918,0.7845405420741519,0.975600004196167,1227.4592801861293,0.41954386953432526,1.1318726870333762,0.712328817499051,987.0762247942164,0.3373812765607202,0.910209109906419,0.5728278333456989
35.822658,-0.368343,30,Grassland,2090.80004882812,0.9819999933242798,0.7201714246400766,0.9701000273227691,2850.9401563908727,0.987015068485135,1.3635642289126628,0.37654916042752784,2116.447351988883,0.732728613536736,1.0122667412290993,0.2795381276923634
36.936223,2.650571,20,Shrubland,939.900024414062,0.9480000138282776,0.7845405420741519,0.975600004196167,1135.728733388405,0.3865907840534437,1.208350573345738,0.8217597892922943,913.3099962170234,0.31088165434363346,0.9717097270918628,0.6608280727482293
37.51578241,-2.852305061,40,Cropland,1274.90002441406,0.9440000057220459,0.8892500102519989,0.9620000123977661,1353.3940022118811,0.46443983817721235,1.0615687318963671,0.5971288937191548,1251.0453376629332,0.42931717831387617,0.9812889745907013,0.5519717962768252
36.536495,-1.165838833,30,Grassland,1775.40002441406,0.8980000019073486,0.7201714246400766,0.9701000273227691,2213.791287410394,0.7645615228693594,1.2469253446929616,0.4823638218236022,1643.4482841012004,0.5675861721902763,0.925677741073363,0.3580915688830867
37.1846351,1.5413406,20,Shrubland,1095.09997558594,0.7760000228881836,0.7845405420741519,0.975600004196167,1083.1787021138023,0.3703254471867951,0.9891139861766874,0.6187885389898924,871.0512530386042,0.29780168699277915,0.7954079741190231,0.4976062871262439
35.5705011749,-0.8735691558,30,Grassland,1639.65002441406,0.9440000057220459,0.7201714246400766,0.9701000273227691,2149.2516635224615,0.7412764749027184,1.310799031208206,0.5695225563054875,1595.53611878627,0.550300092719454,0.973095535650326,0.422795442930872
37.2004249722,-0.4212277778,10,Tree Cover,1697.59997558594,0.972000002861023,0.9800357158694949,1.0,1683.6806602119134,0.5810492780893926,0.9918005916740059,0.41075131358461325,1650.0671811264062,0.569449045207791,0.972000002861023,0.40255095765323184
35.9755648565,0.6983520822,20,Shrubland,987.75,0.7720000147819519,0.7845405420741519,0.975600004196167,971.9612610265847,0.3313435192724715,0.9840154502926699,0.6526719310201983,781.6144027481431,0.2664538982212966,0.7913079248272773,0.5248540266059806
34.7,1.133333,10,Tree Cover,674.299987792969,0.9900000095367432,0.9800357158694949,1.0,681.1557819129108,0.2290234863958754,1.0101672760552485,0.7811437896593731,667.5569943456651,0.22445119644090927,0.9900000095367432,0.7655488130958339
37.3029466,1.2221209,10,Tree Cover,785.700012207031,0.9440000057220459,0.9800357158694949,1.0,756.8099856046638,0.25604106069197374,0.9632302072629283,0.7071891465709547,741.7008160192488,0.25092938420724326,0.9440000057220459,0.6930706215148027
37.35495898,-0.6933259,40,Cropland,2519.35009765625,0.8019999861717224,0.8892500102519989,0.9620000123977661,2272.160495010237,0.7884736050936515,0.9018835838353814,0.11340997874172987,2100.3313071129146,0.7288463122420936,0.8336798085612839,0.10483349631919033
37.5501163935,0.41030213,20,Shrubland,913.099975585938,0.8600000143051147,0.7845405420741519,0.975600004196167,1000.924681329835,0.3403943832500786,1.096183011819204,0.7557886285691253,804.9056874624722,0.27373225994812117,0.88150882595957,0.6077765660114488
38.2671605051,2.1717472166,20,Shrubland,102.099998474121,0.2980000078678131,0.7845405420741519,0.975600004196167,38.781680125991535,0.009838105090140842,0.37984016361980083,0.37000205852966,31.186757090741004,0.007911431188195862,0.3054530612813459,0.29754163009315004
39.0819049627,-3.7452908816,20,Shrubland,2766.89990234375,0.8700000047683716,0.7845405420741519,0.975600004196167,3068.296409346235,1.0658268776705317,1.1089293135422724,0.04310243587174068,2467.407664902639,0.8570975735632588,0.8917589186412487,0.034661345077989965
36.6942887199,0.2791879435,30,Grassland,836.450012207031,0.6499999761581421,0.7201714246400766,0.9701000273227691,754.9487099738393,0.25599038612567826,0.9025628536747283,0.6465724675490501,560.4499254499577,0.1900391257374475,0.670033973663497,0.4799948479260495
37.7645359933,-0.900628915,20,Shrubland,1998.90002441406,0.8859999775886536,0.7845405420741519,0.975600004196167,2257.4045340609373,0.7810359411495418,1.1293233811043917,0.34828743995485006,1815.319156637386,0.6280794977586412,0.9081590547128603,0.28007955695421904
40.0251148108,-3.1115755059,90,Herbaceous Wetland,846.900024414062,0.6639999747276306,0.8752352951149291,1.0,642.5033336137622,0.21795619085894846,0.7586531055519639,0.5406969146930154,562.3415948077669,0.1907629510285576,0.6639999747276306,0.473237023699073
39.781036377,-3.9075143471,20,Shrubland,2877.64990234375,0.9739999771118164,0.7845405420741519,0.975600004196167,3572.576289822534,1.241490942630926,1.241490942630926,0.0,2872.930429441715,0.998359955845153,0.998359955845153,0.0
37.8793977586,-0.3123188795,10,Tree Cover,1738.05004882812,0.9660000205039978,0.9800357158694949,1.0,1713.158363126956,0.5914554978942381,0.9856783838198748,0.3942228859256367,1678.9563828049384,0.5796475122837282,0.9660000205039978,0.38635250822026956
39.6413722222,-2.9843305556,20,Shrubland,266.549987792969,0.7820000052452087,0.7845405420741519,0.975600004196167,265.6868328322934,0.0833447923513327,0.9967617520157384,0.9134169596644056,213.6552797823686,0.06702272272358922,0.8015580175089559,0.7345352947853667
34.91477,-0.5935583333,30,Grassland,2587.0,0.9160000085830688,0.7201714246400766,0.9701000273227691,3290.4554959101733,1.142176387050065,1.2719194031349723,0.12974301608490735,2442.7295695930966,0.8479154444744901,0.9442325355984138,0.09631709112392378
34.9930027778,-0.3991777778,10,Tree Cover,1676.59997558594,0.699999988079071,0.9800357158694949,1.0,1197.5277471212205,0.41318695106224157,0.7142596710957885,0.3010727200335469,1173.6199629235289,0.4049379693722179,0.699999988079071,0.29506201870685317
34.053405,0.3030783333,30,Grassland,2107.60009765625,0.9179999828338623,0.7201714246400766,0.9701000273227691,2686.550434066495,0.9302039463995696,1.2746964839554076,0.3444925375558379,1994.4096474345838,0.6905538423013671,0.9462941521270856,0.25574030982571844
34.1980387505,-0.7165936942,10,Tree Cover,1167.34997558594,0.8399999737739563,0.9800357158694949,1.0,1000.5491973394517,0.34263708323176834,0.8571115931511762,0.514474509919408,980.5739488772181,0.33579657914848177,0.8399999737739563,0.5042033946254746
34.8801269107798,0.301861740695741,10,Tree Cover,98.1500015258789,1.0,0.9800357158694949,1.0,100.1494128597135,0.02501374609600492,1.0203709760850834,0.9953572299890786,98.1500015258789,0.024514364561775963,1.0,0.9754856354382241
34.8856200748423,0.312847910731405,10,Tree Cover,113.75,0.9959999918937683,0.9800357158694949,1.0,115.60292879469192,0.030477807264295192,1.0162894839093795,0.9858116766450843,113.29499907791615,0.02986933966039603,0.9959999918937683,0.9661306522333722
34.9020995670298,0.24967728835885,10,Tree Cover,1090.15002441406,0.9480000138282776,0.9800357158694949,1.0,1054.5148727590308,0.36048221079587717,0.9673116994386322,0.606829488642755,1033.4622382194261,0.35328544151555563,0.9480000138282776,0.594714572312722
34.8911132389048,0.238691060023364,10,Tree Cover,1487.05004882812,0.9879999756813049,0.9800357158694949,1.0,1499.1345603926036,0.5161193364215572,1.0081264995579717,0.4920071631364147,1469.2054120790658,0.5058153833439895,0.9879999756813049,0.48218459233731553
34.8993529849986,0.20847888806505,10,Tree Cover,1064.34997558594,0.9879999756813049,0.9800357158694949,1.0,1072.9994151920664,0.36656411867314515,1.0081264995579717,0.6415623808848266,1051.5777499953062,0.3592459284559063,0.9879999756813049,0.6287540472253986
34.8863067203501,0.20847888806505,10,Tree Cover,1098.90002441406,0.949999988079071,0.9800357158694949,1.0,1065.2213926379648,0.364219472974587,0.9693524151170594,0.6051329421424723,1043.955010093448,0.3569480919302595,0.949999988079071,0.5930518961488115
34.8691405826548,0.257230315038888,10,Tree Cover,210.399993896484,0.9940000176429749,0.9800357158694949,1.0,213.3979346453088,0.06481994193721448,1.0142487682309524,0.9494288262937379,209.1375976451869,0.06352585819905708,0.9940000176429749,0.9304741594439178
34.9117126041392,0.287442375745114,10,Tree Cover,221.5,0.9959999918937683,0.9800357158694949,1.0,225.10812068592756,0.06890944802973453,1.0162894839093795,0.947380035879645,220.61399820446968,0.06753372022999264,0.9959999918937683,0.9284662716637757
34.8560943180064,0.310101369285055,10,Tree Cover,130.699996948242,0.9980000257492065,0.9800357158694949,1.0,133.09576192745246,0.03659677466118627,1.0183302604066562,0.98173348574547,130.43860031976672,0.035866146253590275,0.9980000257492065,0.9621338794956162
34.8334350162486,0.310788004713689,10,Tree Cover,248.399993896484,0.9860000014305115,0.9800357158694949,1.0,249.9117025750182,0.0777157889304402,1.0060857838795447,0.9283699949491045,244.92239433727227,0.07616424883880653,0.9860000014305115,0.909835752591705
34.8780669742564,0.275769543122721,10,Tree Cover,137.25,0.9919999837875366,0.9800357158694949,1.0,138.925546865447,0.038703586860777406,1.0122079917336757,0.9735044048728984,136.1519977748394,0.03793089745581916,0.9919999837875366,0.9540690863317175
34.9007262760142,0.291562196200073,10,Tree Cover,157.75,1.0,0.9800357158694949,1.0,160.96352147742192,0.04635689828359757,1.0203709760850834,0.9740140778014859,157.75,0.0454314159948549,1.0,0.9545685840051451
34.9329986148814,0.27508290554846,10,Tree Cover,836.700012207031,1.0,0.9800357158694949,1.0,853.7444081460894,0.2894933715939895,1.0203709760850834,0.730877604491094,836.700012207031,0.28371384366958924,1.0,0.7162861563304108
34.9329986148814,0.238691060023364,10,Tree Cover,308.799987792969,1.0,0.9800357158694949,1.0,315.09054495937363,0.10044889425569796,1.0203709760850834,0.9199220818293855,308.799987792969,0.09844350399018215,1.0,0.9015564960098179
34.9295653873423,0.220151780017141,10,Tree Cover,1001.65002441406,0.9779999852180481,0.9800357158694949,1.0,999.5693965107054,0.3408946654766268,0.9979227995281369,0.6570281340515102,979.6137090706081,0.3340889475164779,0.9779999852180481,0.6439110377015702
34.9075927310923,0.171400235032664,10,Tree Cover,1811.69995117188,0.9860000014305115,0.9800357158694949,1.0,1822.7255655292938,0.6297062135670959,1.0060857838795447,0.37637957031244873,1786.3361544471313,0.6171345798006979,0.9860000014305115,0.36886542162981356
34.8808135562876,0.167967022550022,10,Tree Cover,1016.45001220703,0.9120000004768372,0.9800357158694949,1.0,945.8863555753671,0.3227230844918719,0.9305783306761469,0.607855246184275,927.0024116174925,0.31628014913760316,0.9120000004768372,0.595719851339234
34.8629607730845,0.192686138212071,10,Tree Cover,1619.90002441406,0.9679999947547913,0.9800357158694949,1.0,1600.0061933915326,0.5517236552503667,0.9877190994983021,0.43599544424793535,1568.0632151360962,0.5407088874354276,0.9679999947547913,0.42729110731936376
34.8725738101939,0.161787238569763,10,Tree Cover,1041.05004882812,0.8140000104904175,0.9800357158694949,1.0,864.6774162871266,0.29521539134995317,0.8305819852373755,0.5353665938874222,847.4147506671393,0.28932162739734446,0.8140000104904175,0.524678383093073
34.8773803287486,0.233197942539435,10,Tree Cover,385.649993896484,1.0,0.9800357158694949,1.0,393.50606069936185,0.12796938784424972,1.0203709760850834,0.8924015882408338,385.649993896484,0.1254145706253203,1.0,0.8745854293746798
34.8615874820689,0.251737205161968,10,Tree Cover,259.899993896484,1.0,0.9800357158694949,1.0,265.1944104566626,0.08293748421500464,1.0203709760850834,0.9374334918700787,259.899993896484,0.081281696715067,1.0,0.918718303284933
34.8677672916392,0.227704822912003,10,Tree Cover,838.549987792969,0.984000027179718,0.9800357158694949,1.0,841.9419796836378,0.28551337416740935,1.0040450682011175,0.7185316940337081,825.1332107798337,0.27981330404247196,0.984000027179718,0.704186723137246
34.8739471012095,0.213285374062071,10,Tree Cover,368.100006103516,1.0,0.9800357158694949,1.0,375.5985625247698,0.12168462156999635,1.0203709760850834,0.8986863545150872,368.100006103516,0.11925527521065996,1.0,0.8807447247893401
34.8773803287486,0.202299118203515,10,Tree Cover,228.550003051758,1.0,0.9800357158694949,1.0,233.20578969817112,0.07171084591283833,1.0203709760850834,0.9486601301722452,228.550003051758,0.07027919020979555,1.0,0.9297208097902044
34.912399249647,0.201612476961196,10,Tree Cover,303.850006103516,1.0,0.9800357158694949,1.0,310.0397273113032,0.09867627319481546,1.0203709760850834,0.9216947028902679,303.850006103516,0.09670627203981483,1.0,0.9032937279601851
34.8931731754283,0.195432704489215,10,Tree Cover,1091.0,1.0,0.9800357158694949,1.0,1113.2247349088261,0.38055987293165294,1.0203709760850834,0.6398111031534305,1091.0,0.3729622674997765,1.0,0.6270377325002234
34.8382415348033,0.309414733811881,10,Tree Cover,193.050003051758,0.9980000257492065,0.9800357158694949,1.0,196.58865987920254,0.05888006738087746,1.0183302604066562,0.9594501930257788,192.6639080165389,0.05770456898606234,0.9980000257492065,0.9402954567631442
34.8636474185923,0.294308742333886,10,Tree Cover,170.300003051758,0.9959999918937683,0.9800357158694949,1.0,173.07410221123692,0.050647732114129644,1.0162894839093795,0.9656417517952499,169.6188016590597,0.04963658639963745,0.9959999918937683,0.9463634054941309
34.8622741275767,0.329327144091878,10,Tree Cover,255.0,0.9760000109672546,0.9800357158694949,1.0,253.94993138167598,0.0792343786638385,0.9958820838497098,0.9166477051858712,248.88000279664993,0.0776525210152896,0.9760000109672546,0.898347489951965
34.9027862125376,0.313191228361781,10,Tree Cover,189.699996948242,1.0,0.9800357158694949,1.0,193.56437104941503,0.05779840272517139,1.0203709760850834,0.962572573359912,189.699996948242,0.0566444989908767,1.0,0.9433555010091232
34.8993529849986,0.329327144091878,10,Tree Cover,790.099975585938,0.75,0.9800357158694949,1.0,604.6463124700681,0.20460419355688167,0.7652782320638126,0.560674038506931,592.5749816894535,0.20051941730241923,0.75,0.5494805826975808
34.8890533023814,0.334820215891948,10,Tree Cover,810.5,0.9980000257492065,0.9800357158694949,1.0,825.3566760595949,0.2795507598412303,1.0183302604066562,0.7387795005654261,808.8790208697319,0.2739697290428614,0.9980000257492065,0.7240302967063452
34.8670806461314,0.325893972676456,10,Tree Cover,237.699996948242,1.0,0.9800357158694949,1.0,242.54217790149903,0.07498751902102636,1.0203709760850834,0.9453834570640571,237.699996948242,0.07349044688504894,1.0,0.9265095531149511
34.85025783119,0.337566750641055,10,Tree Cover,288.850006103516,0.9940000176429749,0.9800357158694949,1.0,292.9657628939942,0.09274484795241866,1.0142487682309524,0.9215039202785338,287.1169111630683,0.09089326345625608,0.9940000176429749,0.9031067541867188
34.8907699161509,0.286069101928811,10,Tree Cover,133.75,1.0,0.9800357158694949,1.0,136.4746180513799,0.03776234013567007,1.0203709760850834,0.9826086359494134,133.75,0.03700844204776878,1.0,0.9629915579522312
34.9075927310923,0.275769543122721,10,Tree Cover,245.25,1.0,0.9800357158694949,1.0,250.24598188486672,0.0776912248645832,1.0203709760850834,0.9426797512205002,245.25,0.0761401751769397,1.0,0.9238598248230603
34.8986663394908,0.272679673728047,10,Tree Cover,183.949996948242,1.0,0.9800357158694949,1.0,187.6972379369258,0.055739289835563754,1.0203709760850834,0.9646316862495197,183.949996948242,0.054626494816053986,1.0,0.945373505183946
34.9302520328501,0.292248832796581,10,Tree Cover,368.0,1.0,0.9800357158694949,1.0,375.4965191993107,0.12164880872533734,1.0203709760850834,0.8987221673597461,368.0,0.11922017734380724,1.0,0.8807798226561927
34.9817504459361,0.351986045201032,10,Tree Cover,1009.70001220703,1.0,0.9800357158694949,1.0,1030.2685870088078,0.35144581157696647,1.0203709760850834,0.668925164508117,1009.70001220703,0.34442944753816795,1.0,0.655570552461832
34.9858703189829,0.296368651490759,10,Tree Cover,686.700012207031,1.0,0.9800357158694949,1.0,700.6887617333269,0.2357773831694427,1.0203709760850834,0.7845935929156407,686.700012207031,0.23107025650030097,1.0,0.768929743499699
34.9776305728892,0.341686551308345,10,Tree Cover,946.549987792969,0.9959999918937683,0.9800357158694949,1.0,961.968798588546,0.32751604355498326,1.0162894839093795,0.6887734403543962,942.7637801688436,0.3209774202041527,0.9959999918937683,0.6750225716896155
34.9741973453501,0.325893972676456,10,Tree Cover,722.799987792969,1.0,0.9800357158694949,1.0,737.5241290585982,0.24870502230744712,1.0203709760850834,0.7716659537776364,722.799987792969,0.24373980457741765,1.0,0.7562601954225824
34.989303546522,0.26066350751453,10,Tree Cover,696.0,1.0,0.9800357158694949,1.0,710.1781993552181,0.23910777008034637,1.0203709760850834,0.781263206004737,696.0,0.23433415462065085,1.0,0.7656658453793491
34.9769439273814,0.275769543122721,10,Tree Cover,1056.90002441406,1.0,0.9800357158694949,1.0,1078.430109535723,0.36834844697264174,1.0203709760850834,0.6520225291124416,1056.90002441406,0.36099463391824965,1.0,0.6390053660817503
35.0099029117564,0.303235012565417,10,Tree Cover,1601.75,0.9959999918937683,0.9800357158694949,1.0,1627.8416808518487,0.5612089576956057,1.0162894839093795,0.4550805262137737,1595.3429870158434,0.5500048226075861,0.9959999918937683,0.44599516928618216
35.0050963932017,0.235944501552485,10,Tree Cover,751.549987792969,0.9959999918937683,0.9800357158694949,1.0,763.792349226217,0.2579645823089446,1.0162894839093795,0.758324901600435,748.5437817495588,0.25281450409212175,0.9959999918937683,0.7431854878016466
35.000289874647,0.227018182810371,10,Tree Cover,756.700012207031,0.9879999756813049,0.9800357158694949,1.0,762.8493345217487,0.25771469995761415,1.0081264995579717,0.7504117996003576,747.6195936585898,0.2525696104630525,0.9879999756813049,0.7354303652182524
34.9652709537486,0.259290230635888,20,Shrubland,1989.09997558594,0.800000011920929,0.7845405420741519,0.975600004196167,2028.2954402505175,0.7017171825042019,1.0197051255068421,0.3179879430026401,1631.078308052885,0.5642943587297251,0.8200082087741263,0.25571385004440117
34.9975432926158,0.094496150963818,10,Tree Cover,757.400024414062,0.9779999852180481,0.9800357158694949,1.0,755.82675272596,0.25535141804359335,0.9979227995281369,0.7425713814845437,740.7372126811019,0.25025350978064365,0.9779999852180481,0.7277464754374046
35.033248859022,0.110975616602629,10,Tree Cover,645.75,1.0,0.9800357158694949,1.0,658.9045578069426,0.2211129139581232,1.0203709760850834,0.7992580621269603,645.75,0.21669855291893927,1.0,0.7833014470810608
35.0208892398814,0.102735884845586,10,Tree Cover,808.0,1.0,0.9800357158694949,1.0,824.4597486767474,0.279215708104008,1.0203709760850834,0.7411552679810754,808.0,0.2736413663737194,1.0,0.7263586336262806
34.9288787418345,0.0917495725605039,10,Tree Cover,1694.30004882812,0.9959999918937683,0.9800357158694949,1.0,1721.8993222111667,0.5942191686411852,1.0162894839093795,0.42207031526819433,1687.5228348984188,0.58235600832264,0.9959999918937683,0.41364398357112825
35.011276202772,0.0931228617889094,10,Tree Cover,714.150024414062,1.0,0.9800357158694949,1.0,728.6979574825626,0.24560741342255304,1.0203709760850834,0.7747635626625304,714.150024414062,0.24070403723642675,1.0,0.7592959627635733
34.9810638004283,0.0766433877429004,10,Tree Cover,1620.0,0.9940000176429749,0.9800357158694949,1.0,1643.083004534143,0.5665782792793663,1.0142487682309524,0.44767048895158607,1610.2800285816193,0.5552669495296604,0.9940000176429749,0.4387330681133145
35.0092162662486,0.0773300326308598,10,Tree Cover,1262.5,0.9800000190734863,0.9800357158694949,1.0,1262.4540147320847,0.4331356583997842,0.9999635760254136,0.5668279176256295,1237.2500240802765,0.4244884150484375,0.9800000190734863,0.5555116040250488
35.0538482242564,0.0999893071126564,10,Tree Cover,800.900024414062,0.9539999961853027,0.9800357158694949,1.0,779.6232401162498,0.26394619364316646,0.9734339072927632,0.7094877136495968,764.058620235824,0.25867669683810895,0.9539999961853027,0.6953232993471938
35.044235187147,0.126425107327007,10,Tree Cover,810.25,0.9739999771118164,0.9800357158694949,1.0,805.2599192823088,0.27274088387500406,0.993841307352433,0.7211004234774289,789.1834814548492,0.2672958073753184,0.9739999771118164,0.706704169736498
35.007499652479,0.13088829187452,10,Tree Cover,503.350006103516,0.9919999837875366,0.9800357158694949,1.0,509.49489881717335,0.16875758673902647,1.0122079917336757,0.8434504049946493,499.32319789414436,0.16538846232819018,0.9919999837875366,0.8266115214593465
35.0147094303111,0.122648565955767,10,Tree Cover,486.149993896484,0.9900000095367432,0.9800357158694949,1.0,491.0928150886869,0.16231951065144493,1.0101672760552485,0.8478477654038036,481.28849859380676,0.15907891782087494,0.9900000095367432,0.8309210917158683
34.9927367740611,0.1178420579875,10,Tree Cover,743.5,0.9340000152587891,0.9800357158694949,1.0,708.575208127805,0.23921406000612494,0.9530265072330935,0.7138124472269686,694.4290113449097,0.23443832254415095,0.9340000152587891,0.6995616927146382
34.9793471866587,0.101362596008236,10,Tree Cover,913.549987792969,1.0,0.9800357158694949,1.0,932.1598927468278,0.3170138542539958,1.0203709760850834,0.7033571218310876,913.549987792969,0.3106848995943625,1.0,0.6893151004056375
34.9419250064829,0.090376283279403,10,Tree Cover,1651.90002441406,0.9039999842643738,0.9800357158694949,1.0,1523.7379331137402,0.5256053592728659,0.9224153463247391,0.3968099870518733,1493.317596076629,0.5151120245398262,0.9039999842643738,0.38888795972454765
34.9378051334361,0.0828231913263938,10,Tree Cover,1617.90002441406,0.9179999828338623,0.9800357158694949,1.0,1515.4878241568,0.5225680419268908,0.9367005385302779,0.41413249660338713,1485.2321946390125,0.5121353450603406,0.9179999828338623,0.40586463777352166
34.9281920963267,0.0793899672276921,10,Tree Cover,1668.5,0.9959999918937683,0.9800357158694949,1.0,1695.6790039027999,0.5850169578913652,1.0162894839093795,0.4312725260180143,1661.8259864747524,0.5733375131228583,0.9959999918937683,0.42266247877091
34.9364318424204,0.0800766120706403,10,Tree Cover,1062.84997558594,0.984000027179718,0.9800357158694949,1.0,1067.1492762247412,0.3645515071448848,1.0040450682011175,0.6394935610562328,1045.8444048645276,0.35727349727604046,0.984000027179718,0.6267265299036776
35.0243224674204,0.148741021851428,10,Tree Cover,1516.34997558594,0.9959999918937683,0.9800357158694949,1.0,1541.0505341142352,0.5307489757035788,1.0162894839093795,0.4855405082058007,1510.284563391712,0.5201529523506581,0.9959999918937683,0.47584703954311025
35.0305022769908,0.138098049838696,10,Tree Cover,557.650024414062,0.9660000205039978,0.9800357158694949,1.0,549.6635748015664,0.1831185691594368,0.9856783838198748,0.802559814660438,538.6899350180388,0.17946273801516627,0.9660000205039978,0.7865372824888315
35.0044097476939,0.121275278051427,10,Tree Cover,653.799987792969,1.0,0.9800357158694949,1.0,667.1185317087273,0.2239956676321556,1.0203709760850834,0.7963753084529278,653.799987792969,0.21952375447954506,1.0,0.7804762455204549
35.0212325626353,0.0859130927613141,10,Tree Cover,946.650024414062,1.0,0.9800357158694949,1.0,965.9342094223446,0.3288671954806006,1.0203709760850834,0.6915037806044829,946.650024414062,0.3223015973488235,1.0,0.6776984026511765
35.0445785099009,0.0920928948725797,10,Tree Cover,953.700012207031,0.9940000176429749,0.9800357158694949,1.0,967.2890626428255,0.32940349735648317,1.0142487682309524,0.6848452708744692,947.9778289598942,0.32282719234167623,0.9940000176429749,0.6711728253012986
35.0315322452525,0.0804199344878016,10,Tree Cover,1100.40002441406,1.0,0.9800357158694949,1.0,1122.816246995424,0.3839260836157603,1.0203709760850834,0.6364448924693231,1100.40002441406,0.37626127419734323,1.0,0.6237387258026568
34.5562540326273,0.947078872471723,10,Tree Cover,1037.65002441406,0.9419999718666077,0.9800357158694949,1.0,997.3782363005148,0.34049050103863265,0.9611894307656516,0.6206989297270189,977.4662938054292,0.33369285193215936,0.9419999718666077,0.6083071199344483
36.871622684971,1.03770247484638,10,Tree Cover,805.049987792969,0.765999972820282,0.9800357158694949,1.0,629.2304033238931,0.2130700080385864,0.7816041399477786,0.5685341319091922,616.6682687683826,0.20881621785841503,0.765999972820282,0.557183754961867
36.8221842084085,1.07065588029591,10,Tree Cover,983.549987792969,0.9760000109672546,0.9800357158694949,1.0,979.4998114136185,0.3338713676980264,0.9958820838497098,0.6620107161516833,959.9447988727809,0.32720586485026265,0.9760000109672546,0.6487941461169919
36.8606363568461,1.01024104092904,10,Tree Cover,734.75,0.8659999966621399,0.9800357158694949,1.0,649.2554171691417,0.21908448992219828,0.8836412618838266,0.6645567719616284,636.2934975475073,0.21471062491680473,0.8659999966621399,0.6512893717453352
36.6848551068461,1.24090925806744,10,Tree Cover,438.399993896484,0.9819999933242798,0.9800357158694949,1.0,439.27867536721453,0.14421603827189847,1.0020042917038408,0.8577882534319423,430.50879107971156,0.14133686830766248,0.9819999933242798,0.8406631250166173
37.311075809971,1.30131919062612,10,Tree Cover,626.950012207031,0.9440000057220459,0.9800357158694949,1.0,603.8971902016739,0.20237520686466146,0.9632302072629283,0.7608550003982668,591.840815110874,0.19833493073384562,0.9440000057220459,0.7456650749882002
37.2561441693461,1.29033567217384,10,Tree Cover,230.350006103516,0.9959999918937683,0.9800357158694949,1.0,234.1022888214647,0.07206601652479042,1.0162894839093795,0.9442234673845892,229.4286042118314,0.07062727009473582,0.9959999918937683,0.9253727217990325
37.2945963177835,1.2354173765924,10,Tree Cover,746.299987792969,0.628000020980835,0.9800357158694949,1.0,478.2238038908289,0.16147169645147658,0.6407929943896674,0.4793212979381909,468.6764079919814,0.15824802962448462,0.628000020980835,0.4697519913563504
37.3275553021585,1.15852986691168,10,Tree Cover,371.399993896484,0.9020000100135803,0.9800357158694949,1.0,341.827132204519,0.1108254660177461,0.920374630646312,0.8095491646285659,335.00279821367224,0.10861291492527217,0.9020000100135803,0.7933870950883081
37.3934732709085,1.72414444933068,20,Shrubland,718.900024414062,0.8560000061988831,0.7845405420741519,0.975600004196167,784.3806563876096,0.26444732734632537,1.0910844759351863,0.826637148588861,630.7691909676112,0.21265851645551062,0.8774087766678242,0.6647502602123135
35.575235966221,-0.643135486483678,20,Shrubland,550.0,0.9319999814033508,0.7845405420741519,0.975600004196167,653.3760363953172,0.21750816551604002,1.1879564298096676,0.9704482642936275,525.4202414586838,0.1749118217974059,0.9553095299248796,0.7803977081274736
35.454386356846,-0.51679921124119,10,Tree Cover,754.849975585938,0.7639999985694885,0.9800357158694949,1.0,588.4534317774101,0.1987793029026732,0.7795634242693513,0.5807841213666781,576.705380267835,0.1948108164202605,0.7639999985694885,0.569189182149228
35.5038248334085,-0.676092286300061,10,Tree Cover,442.700012207031,1.0,0.9800357158694949,1.0,451.7182435685666,0.1483993753321799,1.0203709760850834,0.8719716007529035,442.700012207031,0.1454366880382588,1.0,0.8545633119617412
35.377482059971,-0.500320368267496,10,Tree Cover,200.5,0.9959999918937683,0.9800357158694949,1.0,203.7660415238306,0.06141929066477651,1.0162894839093795,0.9548701932446031,199.69799837470055,0.060193098494850834,0.9959999918937683,0.9358068933989175
35.487345341221,-0.6980633625723,10,Tree Cover,560.75,0.9959999918937683,0.9800357158694949,1.0,569.8843281021846,0.18991115688983,1.0162894839093795,0.8263783270195495,558.5069954544306,0.18611971659412851,0.9959999918937683,0.8098802752996398
35.827921513096,-0.840872711826876,10,Tree Cover,466.100006103516,0.8579999804496765,0.9800357158694949,1.0,408.06043050135617,0.13451643671323937,0.8754782775324189,0.7409618408191796,399.91379612441085,0.13183091235047315,0.8579999804496765,0.7261690680992035
35.772989872471,-0.868335476679492,10,Tree Cover,494.399993896484,0.9559999704360962,0.9800357158694949,1.0,482.2746476431315,0.1595692814215421,0.9754746229711904,0.8159053415496483,472.6463795486448,0.15638359494874188,0.9559999704360962,0.7996163754873543
36.761759403721,-0.522292149466297,10,Tree Cover,135.0,0.9760000109672546,0.9800357158694949,1.0,134.44408131971082,0.03729293443065881,0.9958820838497098,0.9585891494190509,131.76000148057938,0.03654840769162484,0.9760000109672546,0.9394516032756298
36.7562662396585,-0.752990597079813,10,Tree Cover,263.0,0.9940000176429749,0.9800357158694949,1.0,266.7474260447405,0.08354333261003564,1.0142487682309524,0.9307054356209167,261.4220046401024,0.0818754497805996,0.9940000176429749,0.9121245678623752
36.695841434971,-0.588207019288587,20,Shrubland,59.5999984741211,0.9919999837875366,0.7845405420741519,0.975600004196167,75.36028331149932,0.013889762393443356,1.2644343161220295,1.2505445537285862,60.60188321624612,0.011169620408531804,1.0168101471103232,1.0056405267017916
36.7288004193461,-0.890305545218424,10,Tree Cover,583.549987792969,1.0,0.9800357158694949,1.0,595.4374706387503,0.19883867971999286,1.0203709760850834,0.8215322963650906,583.549987792969,0.19486900782192842,1.0,0.8051309921780716
36.6848551068461,-0.93973771585357,10,Tree Cover,483.200012207031,0.9319999814033508,0.9800357158694949,1.0,459.5163167002589,0.1518253061073004,0.9509857307358167,0.7991604246285162,450.3424023910518,0.14879422255797337,0.9319999814033508,0.7832057588453775
36.607950809971,-0.950722548956992,10,Tree Cover,2798.85009765625,0.9940000176429749,0.9800357158694949,1.0,2838.7302640109324,0.9861993507992795,1.0142487682309524,0.02804941743167298,2782.0570464503544,0.966510586750603,0.9940000176429749,0.027489430892371918
36.7809854779398,-0.615671323619665,10,Tree Cover,143.949996948242,1.0,0.9800357158694949,1.0,146.88239889352246,0.041415026255684606,1.0203709760850834,0.9789559498293988,143.949996948242,0.04058820490424379,1.0,0.9594117950957562
36.7480264935648,-0.665106710678541,20,Shrubland,42.5499992370605,0.9800000190734863,0.7845405420741519,0.975600004196167,53.150854325071805,0.006247118916114202,1.249138784443928,1.2428916655278137,42.741902300680565,0.005023696227726175,1.0045100603304575,0.9994863641027314
36.6917215619242,-0.693943793493129,10,Tree Cover,670.700012207031,1.0,0.9800357158694949,1.0,684.3628261159656,0.23004767773749105,1.0203709760850834,0.7903232983475924,670.700012207031,0.2254549405355769,1.0,0.7745450594644231
36.6491495404398,-0.60743204688729,20,Shrubland,236.0,0.9900000095367432,0.7845405420741519,0.975600004196167,297.8048803354111,0.09198362513282857,1.2618850861669964,1.1699014610341676,239.48339611086416,0.07396974458104295,1.0147601530121362,0.9407904084310932
36.7974649701273,-0.667853106892062,10,Tree Cover,184.100006103516,0.9860000014305115,0.9800357158694949,1.0,185.22039895288486,0.05501190705492906,1.0060857838795447,0.9510738768246156,181.52260628142395,0.053913633711923516,0.9860000014305115,0.932086367718588
35.9460245404398,-1.87602902057956,10,Tree Cover,313.399993896484,0.9940000176429749,0.9800357158694949,1.0,317.8655577730969,0.1014836114338549,1.0142487682309524,0.9127651567970975,311.5195994624133,0.09945756378059964,0.9940000176429749,0.8945424538623752
35.9295450482523,-1.88700942549864,10,Tree Cover,363.600006103516,0.9940000176429749,0.9800357158694949,1.0,368.7808583192579,0.11935270518420381,1.0142487682309524,0.8948960630467486,361.4184124818807,0.11696991386616196,0.9940000176429749,0.8770301037768129
37.5335489545023,-0.316304124047456,10,Tree Cover,108.449996948242,0.8840000033378601,0.9800357158694949,1.0,97.82275901973681,0.025372782314235075,0.9020079462650693,0.8766351639508342,95.86979766423686,0.02486623287893223,0.8840000033378601,0.8591337704589278
37.3742471966898,-0.393206941031216,10,Tree Cover,280.0,0.9760000109672546,0.9800357158694949,1.0,278.84698347791874,0.08797217954575094,0.9958820838497098,0.9079099043039588,273.2800030708313,0.08621587795771976,0.9760000109672546,0.8897841330095348
37.1407877240335,-0.354755612427803,10,Tree Cover,1527.90002441406,0.9739999771118164,0.9800357158694949,1.0,1518.4901577674837,0.5230542054181144,0.993841307352433,0.4707871019343186,1488.174588808438,0.5126118026454916,0.9739999771118164,0.4613881744663248
35.2551927618207,-1.67715557044679,30,Grassland,1304.15002441406,0.9800000190734863,0.7201714246400766,0.9701000273227691,1774.6705924068176,0.6093180466397067,1.3607871480922276,0.7514691014525208,1317.4590380412712,0.4523383500136995,1.0102051247004278,0.5578667746867282
34.6839036993207,-1.30374745275458,20,Shrubland,2352.25,0.9520000219345093,0.7845405420741519,0.975600004196167,2854.3356671856927,0.9896977044643045,1.2134491092297557,0.2237514047654512,2295.3485464983432,0.7958773782393757,0.9758097763836086,0.17993239814423295
34.9695482305707,-1.2048942048848,10,Tree Cover,385.600006103516,0.8980000019073486,0.9800357158694949,1.0,353.3226397868763,0.11490043546784985,0.9162931384706081,0.8013927030027583,346.268806216431,0.11260653052745093,0.8980000019073486,0.7853934713798978
34.8157396368207,-1.248829442074,10,Tree Cover,1601.40002441406,0.5419999957084656,0.9800357158694949,1.0,885.6399744471535,0.3053289144273485,0.553041064659158,0.24771215023180956,867.9588063599572,0.2992332412264622,0.5419999957084656,0.24276675448200336
34.4092454961957,-0.974223184438683,40,Cropland,2121.19995117188,0.9599999785423279,0.8892500102519989,0.9620000123977661,2289.9655711355267,0.7929577136572777,1.079561391593664,0.2866036779363863,2116.789897469361,0.7329913159165082,0.9979209627550283,0.26492964683852005
34.7827806524457,-0.930283942230844,20,Shrubland,2138.69995117188,0.9580000042915344,0.7845405420741519,0.975600004196167,2611.559827085792,0.9044178054942364,1.2210968750688065,0.31667906957457,2100.1174186024214,0.7272985161255608,0.9819598197735414,0.25466130364798056
34.9805345586957,-0.897329150084567,30,Grassland,2097.25,0.9480000138282776,0.7201714246400766,0.9701000273227691,2760.7219072806224,0.9558212235063217,1.3163532756135998,0.3605320521072782,2049.472191530873,0.7095712945534647,0.9772188301494208,0.2676475355959561
35.5078783086957,-0.677623474983284,10,Tree Cover,425.75,0.9459999799728394,0.9800357158694949,1.0,410.9640954422821,0.1346436703478183,0.9652709229413555,0.8306272525935372,402.75949147343636,0.1319556058566204,0.9459999799728394,0.814044374116219
34.4861497930707,-1.10603736973552,40,Cropland,1891.55004882812,0.9639999866485596,0.8892500102519989,0.9620000123977661,2050.552938760892,0.7088894387670615,1.0840595732749867,0.3751701345079253,1895.4825346316431,0.6552805951841243,1.0020789752858823,0.346798380101758
36.7053880743207,-1.08406872657619,30,Grassland,2295.35009765625,0.9660000205039978,0.7201714246400766,0.9701000273227691,3078.8617342154967,1.0672264583474105,1.3413473340556106,0.2741208757082002,2285.6490866400663,0.7922749997675405,0.9957736246744716,0.20349862490693119
37.4304857305707,-1.77598762062188,20,Shrubland,1807.0,0.9539999961853027,0.7845405420741519,0.975600004196167,2197.3089989069135,0.7590841140561495,1.2159983391847888,0.4569142251286394,1766.9926052606047,0.6104266705207428,0.9778597704817956,0.36743309996105283
