index,SOS,vSOS,POS,vPOS,EOS,vEOS,Trough,LOS,AOS,ROG,ROS
2017,113,0.2381878,267,0.64694464,365,0.50701976,0.2381878,252,0.40875688,0.0026542654,-0.0014278049
