index,SOS,vSOS,POS,vPOS,EOS,vEOS,Trough,LOS,AOS,ROG,ROS
2017,85,0.112029195,337,0.36570737,365,0.30330515,0.112029195,280,0.25367817,0.0010066595,-0.002228651
