index,SOS,vSOS,POS,vPOS,EOS,vEOS,Trough,LOS,AOS,ROG,ROS
2017,113,0.10344276,267,0.35579914,365,0.2877125,0.10344276,252,0.2523564,0.0016386779,-0.00069476175
