index,SOS,vSOS,POS,vPOS,EOS,vEOS,Trough,LOS,AOS,ROG,ROS
2018,70,0.3153401,196,0.65549123,336,0.34514207,0.2874141,266,0.3680771,0.002699612,-0.0022167796
