index,SOS,vSOS,POS,vPOS,EOS,vEOS,Trough,LOS,AOS,ROG,ROS
2018,70,0.3153401,196,0.66736114,336,0.34514207,0.2874141,266,0.37994707,0.0027938178,-0.002301565
