index,SOS,vSOS,POS,vPOS,EOS,vEOS
2018,56,0.15040192,182,0.40809792,336,0.16825192
