index,SOS,vSOS,POS,vPOS,EOS,vEOS,Trough,LOS,AOS,ROG,ROS
2018,56,0.1448648,182,0.4080431,336,0.15220997,0.1448648,280,0.2631783,0.0020887167,-0.001661254
