index,SOS,vSOS,POS,vPOS,EOS,vEOS,Trough,LOS,AOS,ROG,ROS
2018,56,0.15040192,182,0.40809792,336,0.16825192,0.15040192,280,0.25769597,0.0020452063,-0.0015574415
