index,SOS,vSOS,POS,vPOS,EOS,vEOS,Trough,LOS,AOS,ROG,ROS
2019,111,0.26693588,209,0.64622253,307,0.47761616,0.26693588,196,0.37928668,0.0038702723,-0.0017204733
