index,SOS,vSOS,POS,vPOS,EOS,vEOS,Trough,LOS,AOS,ROG,ROS
2019,125,0.26742798,209,0.64622253,307,0.47761616,0.26693588,182,0.37928668,0.0045094592,-0.0017204733
