index,SOS,vSOS,POS,vPOS,EOS,vEOS,Trough,LOS,AOS,ROG,ROS
2019,111,0.11942671,223,0.39981234,307,0.26683936,0.11942671,196,0.28038564,0.0025034433,-0.0015830118
