index,SOS,vSOS,POS,vPOS,EOS,vEOS,Trough,LOS,AOS,ROG,ROS
2019,111,0.12545128,223,0.40961182,307,0.28704482,0.12545128,196,0.28416055,0.0025371476,-0.0014591308
