index,SOS,vSOS,POS,vPOS,EOS,vEOS,Trough,LOS,AOS,ROG,ROS
2020,96,-0.7754935,180,0.41308433,362,0.25940245,-0.7754935,266,1.1885778,0.014149736,-0.00084440585
