index,SOS,vSOS,POS,vPOS,EOS,vEOS,Trough,LOS,AOS,ROG,ROS
2020,96,0.26561517,236,0.42386004,362,0.2880052,0.26561517,266,0.15824488,0.0011303206,-0.0010782131
